inicio	fim	Music	Speech	Singing	Musical instrument	Vehicle	Train	Rail transport	Subway, metro, underground	Aircraft	Fixed-wing aircraft, airplane	Car	Bus	Traffic noise, roadway noise	Wind noise (microphone)	Crowd	Chatter	Walk, footsteps	Waves, surf	Ocean	Laughter	Dishes, pots, and pans	Cutlery, silverware	Inside, small room	Inside, public space	Outside, urban or manmade	Bird	Bell	top5
0.0	4.0	0.011	0.714	0.000	0.001	0.274	0.003	0.001	0.000	0.003	0.003	0.160	0.034	0.025	0.003	0.001	0.000	0.001	0.001	0.001	0.000	0.001	0.000	0.004	0.002	0.038	0.005	0.000	Speech 0.71; Vehicle 0.27; Car 0.16; Car passing by 0.11; Motor vehicle (road) 0.05
4.0	8.0	0.011	0.738	0.000	0.002	0.045	0.002	0.001	0.000	0.001	0.000	0.012	0.005	0.001	0.001	0.003	0.000	0.002	0.000	0.000	0.001	0.001	0.001	0.008	0.010	0.012	0.004	0.001	Speech 0.74; Male speech, man speaking 0.05; Vehicle 0.04; Sliding door 0.02; Beep, bleep 0.02
8.0	12.0	0.015	0.573	0.000	0.001	0.156	0.016	0.006	0.003	0.003	0.003	0.077	0.019	0.011	0.004	0.001	0.000	0.001	0.001	0.001	0.001	0.001	0.000	0.006	0.005	0.027	0.003	0.000	Speech 0.57; Vehicle 0.16; Car 0.08; Outside, urban or manmade 0.03; Car passing by 0.03
12.0	16.0	0.005	0.733	0.000	0.001	0.065	0.003	0.001	0.001	0.002	0.002	0.021	0.004	0.001	0.002	0.001	0.000	0.001	0.001	0.001	0.002	0.000	0.000	0.004	0.005	0.010	0.002	0.000	Speech 0.73; Male speech, man speaking 0.14; Explosion 0.09; Vehicle 0.06; Narration, monologue 0.04
16.0	20.0	0.005	0.780	0.000	0.001	0.041	0.006	0.003	0.001	0.001	0.001	0.009	0.002	0.001	0.003	0.001	0.000	0.006	0.001	0.001	0.001	0.001	0.001	0.008	0.015	0.009	0.008	0.000	Speech 0.78; Male speech, man speaking 0.07; Vehicle 0.04; Animal 0.04; Sliding door 0.03
20.0	24.0	0.524	0.137	0.001	0.003	0.018	0.002	0.001	0.000	0.000	0.000	0.003	0.001	0.000	0.003	0.001	0.000	0.002	0.002	0.001	0.003	0.000	0.000	0.002	0.001	0.013	0.002	0.000	Music 0.52; Speech 0.14; Skateboard 0.07; Animal 0.04; Slam 0.04
24.0	28.0	0.540	0.149	0.009	0.013	0.061	0.001	0.000	0.000	0.001	0.001	0.046	0.003	0.000	0.002	0.001	0.000	0.001	0.001	0.001	0.000	0.000	0.000	0.001	0.001	0.008	0.001	0.000	Music 0.54; Speech 0.15; Vehicle 0.06; Car 0.05; Sound effect 0.04
28.0	32.0	0.512	0.504	0.003	0.007	0.102	0.002	0.001	0.001	0.001	0.000	0.031	0.004	0.001	0.001	0.002	0.001	0.001	0.001	0.001	0.001	0.001	0.001	0.004	0.006	0.017	0.002	0.000	Music 0.51; Speech 0.50; Vehicle 0.10; Car 0.03; Slap, smack 0.03
32.0	36.0	0.229	0.579	0.001	0.010	0.055	0.002	0.001	0.000	0.001	0.001	0.022	0.004	0.001	0.002	0.009	0.001	0.002	0.001	0.001	0.001	0.001	0.000	0.007	0.012	0.014	0.005	0.000	Speech 0.58; Music 0.23; Vehicle 0.05; Male speech, man speaking 0.02; Animal 0.02
36.0	40.0	0.053	0.752	0.001	0.002	0.081	0.013	0.004	0.002	0.001	0.001	0.016	0.011	0.001	0.003	0.010	0.001	0.001	0.000	0.001	0.002	0.001	0.000	0.004	0.015	0.012	0.002	0.000	Speech 0.75; Vehicle 0.08; Male speech, man speaking 0.07; Music 0.05; Narration, monologue 0.03
40.0	44.0	0.103	0.656	0.001	0.003	0.032	0.002	0.001	0.000	0.000	0.000	0.008	0.008	0.001	0.001	0.013	0.002	0.002	0.000	0.001	0.003	0.002	0.001	0.008	0.018	0.011	0.005	0.000	Speech 0.66; Music 0.10; Vehicle 0.03; Animal 0.03; Male speech, man speaking 0.02
44.0	48.0	0.070	0.567	0.000	0.002	0.111	0.001	0.000	0.000	0.000	0.000	0.079	0.003	0.001	0.000	0.004	0.001	0.003	0.000	0.000	0.001	0.003	0.002	0.005	0.009	0.018	0.051	0.000	Speech 0.57; Vehicle 0.11; Car 0.08; Music 0.07; Animal 0.05
48.0	52.0	0.016	0.741	0.000	0.001	0.049	0.001	0.000	0.000	0.000	0.000	0.015	0.002	0.001	0.002	0.005	0.001	0.006	0.000	0.000	0.001	0.001	0.001	0.007	0.011	0.042	0.007	0.000	Speech 0.74; Vehicle 0.05; Gasp 0.05; Outside, urban or manmade 0.04; Animal 0.03
52.0	56.0	0.124	0.587	0.000	0.003	0.013	0.000	0.000	0.000	0.000	0.000	0.003	0.001	0.000	0.000	0.011	0.001	0.003	0.000	0.000	0.001	0.001	0.000	0.005	0.011	0.013	0.034	0.000	Speech 0.59; Music 0.12; Animal 0.05; Bird 0.03; Insect 0.03
56.0	60.0	0.033	0.790	0.000	0.001	0.039	0.001	0.000	0.000	0.000	0.000	0.033	0.002	0.000	0.001	0.003	0.001	0.003	0.000	0.000	0.003	0.000	0.000	0.003	0.004	0.009	0.003	0.000	Speech 0.79; Slam 0.09; Vehicle 0.04; Car 0.03; Music 0.03
60.0	64.0	0.027	0.685	0.001	0.001	0.007	0.000	0.000	0.000	0.000	0.000	0.001	0.000	0.000	0.000	0.004	0.001	0.001	0.000	0.000	0.000	0.003	0.010	0.003	0.004	0.031	0.001	0.000	Speech 0.68; Chink, clink 0.28; Breaking 0.07; Coin (dropping) 0.04; Outside, urban or manmade 0.03
64.0	68.0	0.617	0.763	0.000	0.004	0.006	0.000	0.000	0.000	0.000	0.000	0.002	0.002	0.000	0.000	0.000	0.000	0.001	0.000	0.000	0.000	0.000	0.000	0.005	0.001	0.006	0.000	0.002	Speech 0.76; Music 0.62; Beep, bleep 0.07; Buzzer 0.04; Smoke detector, smoke alarm 0.04
68.0	72.0	0.496	0.401	0.001	0.010	0.018	0.001	0.001	0.000	0.000	0.000	0.004	0.001	0.000	0.001	0.000	0.000	0.001	0.001	0.001	0.001	0.001	0.001	0.005	0.001	0.009	0.015	0.001	Music 0.50; Speech 0.40; Animal 0.03; Electronic music 0.02; Vehicle 0.02
72.0	76.0	0.503	0.252	0.004	0.008	0.026	0.002	0.001	0.000	0.000	0.000	0.008	0.002	0.000	0.003	0.006	0.001	0.001	0.002	0.002	0.005	0.000	0.000	0.002	0.004	0.016	0.002	0.000	Music 0.50; Speech 0.25; Throat clearing 0.03; Gasp 0.03; Slap, smack 0.03
76.0	80.0	0.571	0.033	0.002	0.026	0.005	0.001	0.000	0.000	0.000	0.000	0.002	0.000	0.000	0.000	0.000	0.000	0.001	0.001	0.000	0.000	0.000	0.000	0.003	0.000	0.002	0.002	0.001	Music 0.57; Electronic music 0.04; Speech 0.03; Theme music 0.03; Television 0.03
80.0	84.0	0.720	0.650	0.001	0.006	0.003	0.000	0.000	0.000	0.000	0.000	0.003	0.000	0.000	0.000	0.003	0.000	0.000	0.000	0.000	0.002	0.000	0.000	0.006	0.004	0.002	0.001	0.000	Music 0.72; Speech 0.65; Television 0.34; Sound effect 0.07; Roar 0.06
84.0	88.0	0.550	0.507	0.007	0.004	0.008	0.000	0.000	0.000	0.000	0.000	0.003	0.001	0.000	0.000	0.007	0.002	0.001	0.000	0.000	0.011	0.000	0.000	0.007	0.009	0.006	0.000	0.000	Music 0.55; Speech 0.51; Slap, smack 0.06; Gasp 0.03; Television 0.02
88.0	92.0	0.588	0.067	0.004	0.014	0.011	0.001	0.000	0.000	0.000	0.000	0.007	0.000	0.000	0.001	0.001	0.000	0.001	0.001	0.001	0.001	0.000	0.000	0.003	0.001	0.003	0.002	0.000	Music 0.59; Speech 0.07; Electronic music 0.07; Dubstep 0.05; Sound effect 0.02
92.0	96.0	0.558	0.080	0.003	0.014	0.010	0.001	0.001	0.000	0.000	0.000	0.007	0.001	0.000	0.001	0.003	0.000	0.001	0.000	0.000	0.001	0.000	0.000	0.002	0.003	0.004	0.003	0.001	Music 0.56; Theme music 0.10; Speech 0.08; Television 0.07; Scary music 0.05
96.0	100.0	0.148	0.482	0.001	0.003	0.278	0.003	0.002	0.001	0.001	0.001	0.124	0.030	0.005	0.001	0.001	0.000	0.001	0.000	0.000	0.002	0.001	0.000	0.008	0.006	0.016	0.003	0.000	Speech 0.48; Vehicle 0.28; Music 0.15; Car 0.12; Car passing by 0.06
100.0	104.0	0.326	0.560	0.001	0.001	0.015	0.000	0.000	0.000	0.000	0.000	0.004	0.000	0.000	0.000	0.006	0.001	0.002	0.000	0.000	0.001	0.001	0.000	0.010	0.006	0.005	0.000	0.000	Speech 0.56; Music 0.33; Slam 0.12; Door 0.03; Slap, smack 0.02
104.0	108.0	0.159	0.533	0.004	0.004	0.031	0.003	0.002	0.000	0.000	0.000	0.017	0.001	0.000	0.001	0.012	0.002	0.002	0.001	0.001	0.003	0.001	0.001	0.006	0.010	0.008	0.004	0.000	Speech 0.53; Music 0.16; Vehicle 0.03; Sound effect 0.02; Animal 0.02
108.0	112.0	0.247	0.523	0.001	0.003	0.006	0.000	0.000	0.000	0.000	0.000	0.003	0.000	0.000	0.000	0.002	0.002	0.002	0.000	0.000	0.004	0.001	0.000	0.006	0.010	0.006	0.003	0.000	Speech 0.52; Music 0.25; Gasp 0.04; Television 0.03; Male speech, man speaking 0.03
112.0	116.0	0.212	0.635	0.000	0.001	0.023	0.004	0.002	0.001	0.000	0.000	0.005	0.003	0.001	0.000	0.001	0.000	0.001	0.000	0.000	0.001	0.001	0.001	0.008	0.002	0.006	0.003	0.005	Speech 0.63; Music 0.21; Gasp 0.06; Bicycle bell 0.06; Snort 0.03
116.0	120.0	0.114	0.578	0.001	0.002	0.031	0.001	0.000	0.000	0.001	0.000	0.008	0.002	0.000	0.001	0.003	0.002	0.001	0.000	0.000	0.001	0.000	0.000	0.010	0.006	0.013	0.008	0.001	Speech 0.58; Music 0.11; Vehicle 0.03; Printer 0.03; Male speech, man speaking 0.02
120.0	124.0	0.169	0.514	0.000	0.002	0.008	0.000	0.000	0.000	0.000	0.000	0.003	0.001	0.000	0.000	0.002	0.000	0.001	0.000	0.000	0.001	0.000	0.000	0.004	0.003	0.009	0.002	0.000	Speech 0.51; Music 0.17; Burst, pop 0.07; Bang 0.06; Explosion 0.06
124.0	128.0	0.298	0.555	0.002	0.008	0.018	0.000	0.000	0.000	0.000	0.000	0.013	0.001	0.000	0.001	0.012	0.001	0.001	0.000	0.000	0.004	0.001	0.000	0.005	0.010	0.006	0.002	0.000	Speech 0.56; Music 0.30; Gasp 0.04; Slam 0.03; Whoop 0.02
128.0	132.0	0.099	0.565	0.000	0.004	0.072	0.004	0.001	0.000	0.001	0.001	0.036	0.006	0.001	0.003	0.001	0.000	0.002	0.001	0.002	0.000	0.001	0.000	0.006	0.003	0.009	0.005	0.000	Speech 0.57; Music 0.10; Vehicle 0.07; Car 0.04; Slam 0.03
132.0	136.0	0.062	0.746	0.000	0.002	0.010	0.000	0.000	0.000	0.000	0.000	0.006	0.000	0.000	0.000	0.001	0.000	0.001	0.000	0.000	0.001	0.000	0.000	0.007	0.002	0.003	0.000	0.000	Speech 0.75; Slam 0.42; Music 0.06; Door 0.04; Slap, smack 0.03
136.0	140.0	0.126	0.595	0.001	0.004	0.031	0.001	0.000	0.000	0.001	0.000	0.013	0.002	0.000	0.001	0.007	0.002	0.002	0.000	0.000	0.002	0.001	0.000	0.005	0.013	0.012	0.004	0.001	Speech 0.60; Music 0.13; Male speech, man speaking 0.04; Vehicle 0.03; Slam 0.02
140.0	144.0	0.138	0.639	0.000	0.002	0.015	0.000	0.000	0.000	0.000	0.000	0.005	0.001	0.000	0.001	0.003	0.002	0.003	0.000	0.000	0.001	0.001	0.001	0.007	0.012	0.014	0.007	0.000	Speech 0.64; Music 0.14; Animal 0.03; Television 0.03; Male speech, man speaking 0.02
144.0	148.0	0.034	0.690	0.001	0.001	0.024	0.000	0.000	0.000	0.000	0.000	0.008	0.002	0.000	0.001	0.008	0.003	0.002	0.000	0.000	0.004	0.001	0.000	0.005	0.014	0.025	0.006	0.000	Speech 0.69; Male speech, man speaking 0.05; Hoot 0.04; Owl 0.04; Music 0.03
148.0	152.0	0.055	0.592	0.001	0.001	0.007	0.000	0.000	0.000	0.000	0.000	0.003	0.001	0.000	0.001	0.002	0.001	0.001	0.000	0.000	0.002	0.000	0.000	0.018	0.004	0.014	0.087	0.000	Speech 0.59; Bird 0.09; Music 0.06; Animal 0.05; Coo 0.05
152.0	156.0	0.107	0.549	0.001	0.002	0.010	0.001	0.000	0.000	0.000	0.000	0.003	0.001	0.000	0.000	0.013	0.012	0.002	0.000	0.000	0.010	0.001	0.000	0.013	0.024	0.015	0.003	0.000	Speech 0.55; Music 0.11; Inside, public space 0.02; Animal 0.02; Slap, smack 0.02
156.0	160.0	0.115	0.564	0.001	0.002	0.014	0.001	0.000	0.000	0.000	0.000	0.007	0.002	0.000	0.001	0.003	0.001	0.001	0.000	0.000	0.001	0.001	0.000	0.009	0.006	0.007	0.020	0.001	Speech 0.56; Music 0.12; Animal 0.04; Female speech, woman speaking 0.03; Bird 0.02
160.0	164.0	0.143	0.674	0.001	0.001	0.010	0.000	0.000	0.000	0.000	0.000	0.003	0.001	0.000	0.001	0.004	0.003	0.002	0.000	0.000	0.018	0.000	0.000	0.005	0.012	0.012	0.003	0.000	Speech 0.67; Music 0.14; Snicker 0.04; Hiccup 0.03; Chuckle, chortle 0.03
164.0	168.0	0.107	0.774	0.000	0.003	0.041	0.001	0.000	0.000	0.000	0.000	0.016	0.005	0.000	0.002	0.005	0.002	0.002	0.000	0.000	0.002	0.000	0.000	0.003	0.011	0.017	0.003	0.001	Speech 0.77; Music 0.11; Male speech, man speaking 0.06; Vehicle 0.04; Slam 0.02
168.0	172.0	0.130	0.713	0.000	0.002	0.040	0.001	0.000	0.000	0.000	0.000	0.013	0.007	0.000	0.001	0.011	0.003	0.003	0.000	0.000	0.002	0.001	0.000	0.004	0.019	0.037	0.007	0.000	Speech 0.71; Music 0.13; Male speech, man speaking 0.05; Vehicle 0.04; Outside, urban or manmade 0.04
172.0	176.0	0.127	0.814	0.000	0.002	0.043	0.001	0.000	0.000	0.000	0.000	0.014	0.004	0.001	0.001	0.009	0.003	0.006	0.000	0.000	0.001	0.000	0.000	0.002	0.022	0.032	0.004	0.001	Speech 0.81; Music 0.13; Vehicle 0.04; Outside, urban or manmade 0.03; Male speech, man speaking 0.03
176.0	180.0	0.061	0.667	0.000	0.002	0.029	0.001	0.000	0.000	0.001	0.000	0.007	0.003	0.000	0.002	0.010	0.004	0.004	0.001	0.001	0.002	0.001	0.000	0.004	0.019	0.026	0.005	0.001	Speech 0.67; Music 0.06; Male speech, man speaking 0.05; Vehicle 0.03; Outside, urban or manmade 0.03
180.0	184.0	0.066	0.779	0.003	0.001	0.018	0.001	0.000	0.000	0.000	0.000	0.003	0.002	0.000	0.001	0.014	0.004	0.002	0.000	0.000	0.001	0.000	0.000	0.001	0.009	0.023	0.002	0.001	Speech 0.78; Music 0.07; Bleat 0.05; Sheep 0.04; Male speech, man speaking 0.04
184.0	188.0	0.060	0.665	0.000	0.003	0.029	0.001	0.001	0.000	0.000	0.000	0.008	0.002	0.000	0.005	0.008	0.002	0.003	0.001	0.001	0.002	0.001	0.001	0.005	0.009	0.023	0.006	0.001	Speech 0.67; Music 0.06; Male speech, man speaking 0.04; Animal 0.03; Vehicle 0.03
188.0	192.0	0.059	0.786	0.000	0.002	0.040	0.001	0.000	0.000	0.000	0.000	0.015	0.004	0.000	0.001	0.011	0.003	0.003	0.000	0.000	0.003	0.000	0.000	0.002	0.017	0.028	0.004	0.000	Speech 0.79; Male speech, man speaking 0.07; Music 0.06; Vehicle 0.04; Outside, urban or manmade 0.03
192.0	196.0	0.238	0.674	0.000	0.003	0.007	0.001	0.000	0.000	0.000	0.000	0.002	0.001	0.000	0.000	0.006	0.001	0.002	0.000	0.000	0.002	0.001	0.000	0.004	0.010	0.006	0.004	0.000	Speech 0.67; Music 0.24; Male speech, man speaking 0.02; Television 0.02; Animal 0.02
196.0	200.0	0.059	0.790	0.000	0.001	0.092	0.001	0.000	0.000	0.000	0.000	0.034	0.004	0.001	0.000	0.005	0.000	0.000	0.000	0.000	0.001	0.003	0.003	0.002	0.002	0.013	0.001	0.000	Speech 0.79; Vehicle 0.09; Music 0.06; Car 0.03; Chink, clink 0.02
200.0	204.0	0.064	0.690	0.000	0.002	0.028	0.001	0.000	0.000	0.000	0.000	0.007	0.002	0.000	0.001	0.009	0.002	0.005	0.000	0.000	0.001	0.002	0.001	0.004	0.024	0.029	0.015	0.000	Speech 0.69; Music 0.06; Slap, smack 0.04; Slam 0.03; Animal 0.03
204.0	208.0	0.109	0.664	0.001	0.002	0.006	0.000	0.000	0.000	0.000	0.000	0.002	0.000	0.000	0.000	0.004	0.003	0.001	0.000	0.000	0.009	0.000	0.000	0.005	0.008	0.013	0.002	0.000	Speech 0.66; Sheep 0.13; Bleat 0.11; Music 0.11; Animal 0.07
208.0	212.0	0.541	0.528	0.009	0.004	0.017	0.001	0.000	0.000	0.000	0.000	0.004	0.001	0.000	0.000	0.006	0.002	0.001	0.000	0.000	0.002	0.000	0.000	0.002	0.010	0.038	0.002	0.000	Music 0.54; Speech 0.53; Outside, urban or manmade 0.04; Slap, smack 0.03; Pop music 0.02
212.0	216.0	0.595	0.053	0.002	0.011	0.018	0.003	0.001	0.000	0.000	0.000	0.004	0.001	0.000	0.001	0.000	0.000	0.001	0.000	0.001	0.000	0.001	0.000	0.006	0.000	0.006	0.005	0.033	Music 0.60; Speech 0.05; Bell 0.03; Church bell 0.03; Tick-tock 0.02
216.0	220.0	0.545	0.023	0.010	0.036	0.002	0.000	0.000	0.000	0.000	0.000	0.000	0.000	0.000	0.000	0.000	0.000	0.000	0.000	0.000	0.000	0.000	0.000	0.002	0.000	0.002	0.001	0.001	Music 0.54; Musical instrument 0.04; Exciting music 0.03; Pop music 0.03; Soundtrack music 0.03
220.0	224.0	0.645	0.600	0.001	0.003	0.014	0.000	0.000	0.000	0.000	0.000	0.007	0.000	0.000	0.000	0.000	0.000	0.000	0.000	0.000	0.006	0.000	0.000	0.010	0.001	0.005	0.001	0.000	Music 0.64; Speech 0.60; Animal 0.07; Dog 0.06; Domestic animals, pets 0.05
224.0	228.0	0.129	0.649	0.000	0.001	0.057	0.000	0.000	0.000	0.000	0.000	0.019	0.001	0.000	0.001	0.001	0.000	0.000	0.000	0.000	0.001	0.000	0.000	0.008	0.003	0.019	0.002	0.000	Speech 0.65; Music 0.13; Vehicle 0.06; Animal 0.05; Domestic animals, pets 0.03
228.0	232.0	0.113	0.773	0.000	0.001	0.090	0.000	0.000	0.000	0.000	0.000	0.010	0.001	0.000	0.001	0.002	0.000	0.001	0.000	0.000	0.001	0.000	0.000	0.013	0.006	0.008	0.001	0.000	Speech 0.77; Music 0.11; Vehicle 0.09; Oink 0.05; Male speech, man speaking 0.04
232.0	236.0	0.094	0.777	0.000	0.002	0.198	0.000	0.000	0.000	0.000	0.000	0.074	0.001	0.000	0.000	0.001	0.000	0.001	0.000	0.000	0.000	0.000	0.000	0.006	0.001	0.016	0.002	0.000	Speech 0.78; Vehicle 0.20; Music 0.09; Car 0.07; Motorcycle 0.03
236.0	240.0	0.031	0.590	0.000	0.001	0.305	0.001	0.000	0.000	0.001	0.001	0.129	0.001	0.001	0.001	0.000	0.000	0.000	0.000	0.000	0.000	0.000	0.000	0.013	0.001	0.010	0.005	0.000	Speech 0.59; Vehicle 0.30; Car 0.13; Accelerating, revving, vroom 0.08; Motorboat, speedboat 0.07
240.0	244.0	0.622	0.608	0.001	0.003	0.014	0.000	0.000	0.000	0.000	0.000	0.005	0.001	0.000	0.000	0.001	0.000	0.000	0.000	0.000	0.001	0.000	0.000	0.004	0.002	0.004	0.001	0.000	Music 0.62; Speech 0.61; Snoring 0.03; Electronic music 0.02; Burping, eructation 0.02
244.0	248.0	0.564	0.028	0.001	0.019	0.003	0.000	0.000	0.000	0.000	0.000	0.001	0.000	0.000	0.000	0.000	0.000	0.000	0.000	0.000	0.000	0.002	0.001	0.008	0.000	0.001	0.001	0.010	Music 0.56; Speech 0.03; Chime 0.03; Tick-tock 0.02; Wind chime 0.02
248.0	252.0	0.529	0.067	0.004	0.022	0.069	0.008	0.006	0.001	0.001	0.001	0.019	0.003	0.001	0.007	0.000	0.000	0.000	0.006	0.006	0.000	0.000	0.000	0.002	0.000	0.011	0.002	0.006	Music 0.53; Vehicle 0.07; Speech 0.07; Electronic music 0.03; Musical instrument 0.02
252.0	256.0	0.583	0.559	0.001	0.003	0.036	0.001	0.001	0.000	0.001	0.001	0.010	0.002	0.000	0.006	0.001	0.000	0.001	0.005	0.004	0.001	0.000	0.000	0.003	0.002	0.013	0.002	0.000	Music 0.58; Speech 0.56; Vehicle 0.04; Animal 0.03; Slam 0.02
256.0	260.0	0.046	0.667	0.000	0.001	0.044	0.001	0.000	0.000	0.000	0.000	0.010	0.004	0.000	0.000	0.001	0.000	0.007	0.000	0.000	0.000	0.001	0.001	0.010	0.002	0.027	0.016	0.000	Speech 0.67; Music 0.05; Vehicle 0.04; Printer 0.03; Outside, urban or manmade 0.03
260.0	264.0	0.214	0.696	0.000	0.001	0.027	0.000	0.000	0.000	0.000	0.000	0.010	0.003	0.000	0.000	0.001	0.000	0.013	0.000	0.000	0.000	0.000	0.000	0.017	0.002	0.016	0.011	0.001	Speech 0.70; Music 0.21; Door 0.03; Vehicle 0.03; Shuffle 0.02
264.0	268.0	0.032	0.712	0.000	0.001	0.020	0.001	0.000	0.000	0.000	0.000	0.003	0.001	0.000	0.003	0.009	0.001	0.019	0.001	0.001	0.001	0.000	0.000	0.005	0.012	0.074	0.016	0.000	Speech 0.71; Run 0.11; Animal 0.08; Outside, urban or manmade 0.07; Clip-clop 0.06
268.0	272.0	0.036	0.654	0.000	0.000	0.018	0.001	0.000	0.000	0.000	0.000	0.004	0.001	0.000	0.001	0.002	0.000	0.008	0.000	0.000	0.001	0.001	0.000	0.014	0.003	0.013	0.008	0.000	Speech 0.65; Zipper (clothing) 0.08; Animal 0.06; Music 0.04; Biting 0.02
272.0	276.0	0.101	0.605	0.000	0.001	0.008	0.000	0.000	0.000	0.000	0.000	0.005	0.002	0.000	0.000	0.001	0.000	0.007	0.000	0.000	0.001	0.001	0.000	0.013	0.002	0.005	0.005	0.000	Speech 0.61; Music 0.10; Slam 0.04; Animal 0.02; Explosion 0.02
276.0	280.0	0.041	0.659	0.001	0.001	0.189	0.005	0.003	0.001	0.006	0.005	0.079	0.087	0.010	0.012	0.001	0.000	0.001	0.009	0.007	0.001	0.000	0.000	0.009	0.002	0.026	0.003	0.000	Speech 0.66; Vehicle 0.19; Bus 0.09; Car 0.08; Music 0.04
280.0	284.0	0.071	0.620	0.000	0.001	0.089	0.013	0.005	0.002	0.001	0.001	0.029	0.020	0.003	0.013	0.001	0.000	0.002	0.002	0.002	0.000	0.000	0.000	0.006	0.003	0.025	0.052	0.000	Speech 0.62; Vehicle 0.09; Animal 0.08; Music 0.07; Bird 0.05
284.0	288.0	0.121	0.670	0.001	0.001	0.033	0.005	0.002	0.001	0.000	0.000	0.010	0.004	0.001	0.001	0.001	0.001	0.001	0.000	0.000	0.001	0.000	0.000	0.003	0.006	0.017	0.008	0.000	Speech 0.67; Music 0.12; Animal 0.10; Fart 0.06; Vehicle 0.03
288.0	292.0	0.259	0.608	0.000	0.002	0.182	0.002	0.001	0.001	0.001	0.001	0.103	0.031	0.002	0.001	0.001	0.000	0.001	0.000	0.000	0.003	0.001	0.001	0.009	0.004	0.013	0.002	0.000	Speech 0.61; Music 0.26; Vehicle 0.18; Car 0.10; Car passing by 0.05
292.0	296.0	0.123	0.637	0.001	0.002	0.130	0.001	0.000	0.000	0.001	0.001	0.080	0.026	0.002	0.001	0.004	0.001	0.001	0.000	0.001	0.002	0.001	0.000	0.003	0.009	0.019	0.002	0.000	Speech 0.64; Vehicle 0.13; Music 0.12; Car 0.08; Car passing by 0.04
296.0	300.0	0.021	0.703	0.000	0.001	0.171	0.001	0.000	0.000	0.001	0.000	0.048	0.029	0.004	0.002	0.005	0.002	0.008	0.000	0.000	0.002	0.001	0.000	0.004	0.009	0.035	0.007	0.000	Speech 0.70; Vehicle 0.17; Car 0.05; Animal 0.04; Car passing by 0.04
300.0	304.0	0.038	0.812	0.000	0.001	0.388	0.002	0.001	0.001	0.004	0.002	0.133	0.088	0.011	0.007	0.002	0.000	0.001	0.002	0.002	0.001	0.000	0.000	0.001	0.004	0.037	0.002	0.000	Speech 0.81; Vehicle 0.39; Car 0.13; Car passing by 0.11; Bus 0.09
304.0	308.0	0.051	0.661	0.000	0.001	0.236	0.008	0.004	0.001	0.004	0.002	0.077	0.039	0.009	0.028	0.001	0.000	0.002	0.007	0.009	0.000	0.001	0.001	0.008	0.002	0.027	0.004	0.000	Speech 0.66; Vehicle 0.24; Car 0.08; Music 0.05; Bus 0.04
308.0	312.0	0.504	0.123	0.004	0.005	0.158	0.017	0.010	0.002	0.001	0.001	0.035	0.032	0.009	0.004	0.001	0.000	0.000	0.002	0.002	0.001	0.000	0.000	0.001	0.002	0.022	0.012	0.001	Music 0.50; Vehicle 0.16; Speech 0.12; Car 0.04; Bus 0.03
312.0	316.0	0.547	0.112	0.004	0.004	0.145	0.002	0.001	0.000	0.004	0.002	0.024	0.005	0.001	0.051	0.000	0.000	0.001	0.009	0.008	0.000	0.000	0.000	0.002	0.000	0.017	0.001	0.000	Music 0.55; Vehicle 0.14; Speech 0.11; Boat, Water vehicle 0.06; Wind noise (microphone) 0.05
316.0	320.0	0.517	0.491	0.009	0.005	0.009	0.000	0.000	0.000	0.000	0.000	0.002	0.001	0.000	0.000	0.003	0.005	0.001	0.000	0.000	0.002	0.001	0.000	0.003	0.012	0.007	0.002	0.000	Music 0.52; Speech 0.49; Male speech, man speaking 0.03; Soundtrack music 0.02; Television 0.02
320.0	324.0	0.131	0.641	0.002	0.003	0.012	0.001	0.000	0.000	0.000	0.000	0.002	0.002	0.000	0.000	0.008	0.019	0.003	0.000	0.000	0.004	0.002	0.001	0.007	0.046	0.010	0.003	0.000	Speech 0.64; Music 0.13; Inside, public space 0.05; Female speech, woman speaking 0.03; Conversation 0.03
324.0	328.0	0.294	0.619	0.002	0.005	0.014	0.001	0.000	0.000	0.000	0.000	0.002	0.002	0.000	0.000	0.003	0.005	0.001	0.000	0.000	0.015	0.001	0.000	0.009	0.010	0.006	0.002	0.000	Speech 0.62; Music 0.29; Chuckle, chortle 0.06; Animal 0.04; Slap, smack 0.04
328.0	332.0	0.338	0.649	0.003	0.005	0.022	0.000	0.000	0.000	0.000	0.000	0.005	0.008	0.000	0.000	0.004	0.012	0.002	0.000	0.000	0.005	0.001	0.000	0.007	0.022	0.013	0.005	0.000	Speech 0.65; Music 0.34; Television 0.03; Animal 0.03; Conversation 0.02
332.0	336.0	0.235	0.585	0.001	0.005	0.025	0.000	0.000	0.000	0.000	0.000	0.007	0.005	0.000	0.000	0.004	0.002	0.003	0.000	0.000	0.003	0.003	0.001	0.011	0.016	0.012	0.006	0.000	Speech 0.59; Music 0.24; Animal 0.03; Vehicle 0.02; Television 0.02
336.0	340.0	0.083	0.518	0.001	0.002	0.014	0.000	0.000	0.000	0.000	0.000	0.003	0.002	0.000	0.000	0.005	0.005	0.002	0.000	0.000	0.005	0.012	0.003	0.010	0.017	0.009	0.003	0.000	Speech 0.52; Music 0.08; Chopping (food) 0.03; Animal 0.02; Male speech, man speaking 0.02
340.0	344.0	0.030	0.607	0.001	0.001	0.019	0.001	0.000	0.000	0.000	0.000	0.002	0.001	0.000	0.000	0.003	0.005	0.001	0.000	0.000	0.002	0.006	0.002	0.016	0.014	0.012	0.003	0.000	Speech 0.61; Coin (dropping) 0.07; Creak 0.04; Music 0.03; Bicycle 0.02
344.0	348.0	0.430	0.588	0.001	0.003	0.016	0.000	0.000	0.000	0.000	0.000	0.002	0.001	0.000	0.000	0.000	0.000	0.002	0.000	0.000	0.001	0.017	0.007	0.019	0.002	0.005	0.007	0.000	Speech 0.59; Music 0.43; Door 0.05; Chink, clink 0.03; Inside, small room 0.02
348.0	352.0	0.477	0.535	0.001	0.005	0.027	0.000	0.000	0.000	0.000	0.000	0.006	0.001	0.000	0.001	0.001	0.000	0.003	0.000	0.000	0.001	0.015	0.006	0.030	0.002	0.007	0.001	0.000	Speech 0.53; Music 0.48; Animal 0.05; Biting 0.04; Domestic animals, pets 0.03
352.0	356.0	0.248	0.490	0.001	0.002	0.049	0.000	0.000	0.000	0.000	0.000	0.009	0.001	0.000	0.000	0.001	0.002	0.000	0.000	0.000	0.005	0.000	0.000	0.012	0.002	0.011	0.003	0.000	Gargling 0.74; Speech 0.49; Music 0.25; Vehicle 0.05; Inside, small room 0.01
356.0	360.0	0.003	0.299	0.000	0.000	0.043	0.001	0.001	0.000	0.000	0.000	0.001	0.001	0.000	0.012	0.001	0.000	0.001	0.004	0.003	0.008	0.000	0.000	0.011	0.001	0.010	0.084	0.000	Speech 0.30; Bird 0.08; Pigeon, dove 0.08; Gurgling 0.07; Animal 0.05
360.0	364.0	0.015	0.826	0.000	0.001	0.035	0.001	0.000	0.000	0.000	0.000	0.012	0.006	0.001	0.001	0.004	0.005	0.004	0.000	0.000	0.003	0.001	0.000	0.004	0.028	0.017	0.005	0.000	Speech 0.83; Male speech, man speaking 0.05; Vehicle 0.03; Slap, smack 0.03; Conversation 0.03
364.0	368.0	0.443	0.718	0.001	0.003	0.009	0.000	0.000	0.000	0.000	0.000	0.004	0.001	0.000	0.000	0.002	0.001	0.002	0.000	0.000	0.001	0.003	0.001	0.010	0.008	0.003	0.004	0.000	Speech 0.72; Music 0.44; Television 0.26; Male speech, man speaking 0.04; Animal 0.02
368.0	372.0	0.533	0.498	0.001	0.003	0.011	0.000	0.000	0.000	0.000	0.000	0.001	0.001	0.000	0.000	0.001	0.000	0.002	0.000	0.000	0.000	0.004	0.001	0.016	0.003	0.003	0.003	0.000	Music 0.53; Speech 0.50; Slap, smack 0.15; Ping 0.04; Television 0.03
372.0	376.0	0.148	0.575	0.001	0.002	0.016	0.000	0.000	0.000	0.000	0.000	0.003	0.001	0.000	0.000	0.001	0.001	0.002	0.000	0.000	0.001	0.002	0.000	0.016	0.007	0.005	0.006	0.000	Speech 0.57; Door 0.31; Music 0.15; Sliding door 0.08; Slam 0.05
376.0	380.0	0.207	0.627	0.001	0.018	0.051	0.001	0.000	0.000	0.000	0.000	0.010	0.003	0.000	0.000	0.002	0.003	0.000	0.000	0.000	0.002	0.011	0.004	0.014	0.012	0.005	0.002	0.000	Speech 0.63; Music 0.21; Sliding door 0.07; Door 0.05; Vehicle 0.05
380.0	384.0	0.481	0.766	0.000	0.007	0.006	0.000	0.000	0.000	0.000	0.000	0.002	0.000	0.000	0.000	0.000	0.001	0.001	0.000	0.000	0.004	0.001	0.000	0.013	0.003	0.002	0.004	0.001	Speech 0.77; Music 0.48; Television 0.16; Female speech, woman speaking 0.04; Conversation 0.04
384.0	388.0	0.386	0.746	0.001	0.004	0.007	0.000	0.000	0.000	0.000	0.000	0.002	0.001	0.000	0.000	0.001	0.001	0.001	0.000	0.000	0.002	0.005	0.001	0.009	0.005	0.003	0.006	0.000	Speech 0.75; Music 0.39; Television 0.10; Male speech, man speaking 0.05; Animal 0.03
388.0	392.0	0.034	0.611	0.000	0.001	0.021	0.002	0.001	0.000	0.000	0.000	0.005	0.001	0.000	0.002	0.005	0.002	0.004	0.001	0.001	0.002	0.002	0.001	0.010	0.016	0.009	0.007	0.000	Speech 0.61; Sliding door 0.04; Door 0.04; Music 0.03; Animal 0.02
392.0	396.0	0.207	0.533	0.000	0.001	0.058	0.013	0.005	0.002	0.001	0.001	0.009	0.003	0.001	0.000	0.006	0.002	0.001	0.000	0.000	0.001	0.003	0.003	0.006	0.015	0.022	0.001	0.004	Speech 0.53; Music 0.21; Bicycle bell 0.08; Vehicle 0.06; Chink, clink 0.04
396.0	400.0	0.157	0.445	0.000	0.002	0.027	0.001	0.001	0.000	0.000	0.000	0.004	0.001	0.000	0.000	0.004	0.001	0.000	0.000	0.000	0.001	0.022	0.028	0.006	0.003	0.005	0.001	0.003	Speech 0.45; Music 0.16; Coin (dropping) 0.08; Chink, clink 0.07; Ding 0.05
400.0	404.0	0.077	0.769	0.000	0.001	0.047	0.001	0.001	0.000	0.001	0.000	0.017	0.005	0.000	0.002	0.006	0.001	0.003	0.001	0.001	0.001	0.000	0.000	0.003	0.014	0.025	0.005	0.000	Speech 0.77; Music 0.08; Vehicle 0.05; Male speech, man speaking 0.03; Slam 0.03
404.0	408.0	0.012	0.825	0.000	0.000	0.055	0.001	0.000	0.000	0.000	0.000	0.016	0.002	0.000	0.014	0.001	0.000	0.006	0.002	0.002	0.001	0.000	0.000	0.003	0.004	0.027	0.012	0.000	Speech 0.83; Vehicle 0.06; Animal 0.05; Outside, urban or manmade 0.03; Male speech, man speaking 0.02
408.0	412.0	0.038	0.628	0.000	0.001	0.117	0.002	0.001	0.000	0.000	0.000	0.028	0.011	0.001	0.000	0.001	0.001	0.004	0.000	0.000	0.000	0.000	0.000	0.015	0.008	0.163	0.002	0.000	Speech 0.63; Vehicle horn, car horn, honking 0.17; Outside, urban or manmade 0.16; Vehicle 0.12; Music 0.04
412.0	416.0	0.443	0.606	0.001	0.055	0.179	0.017	0.008	0.002	0.000	0.000	0.071	0.026	0.004	0.010	0.001	0.000	0.003	0.006	0.005	0.000	0.000	0.000	0.005	0.004	0.064	0.003	0.000	Speech 0.61; Music 0.44; Vehicle 0.18; Car 0.07; Outside, urban or manmade 0.06
416.0	420.0	0.149	0.592	0.003	0.012	0.309	0.001	0.000	0.000	0.001	0.000	0.251	0.021	0.007	0.002	0.001	0.000	0.001	0.001	0.001	0.001	0.001	0.000	0.004	0.002	0.016	0.004	0.000	Speech 0.59; Vehicle 0.31; Car 0.25; Car passing by 0.18; Music 0.15
420.0	424.0	0.388	0.586	0.028	0.033	0.033	0.001	0.001	0.000	0.000	0.000	0.010	0.004	0.001	0.002	0.007	0.002	0.003	0.002	0.002	0.001	0.000	0.000	0.012	0.011	0.023	0.004	0.000	Speech 0.59; Music 0.39; Animal 0.07; Guitar 0.04; Vehicle 0.03
424.0	428.0	0.471	0.519	0.002	0.098	0.018	0.000	0.000	0.000	0.000	0.000	0.003	0.002	0.000	0.000	0.003	0.001	0.006	0.000	0.000	0.001	0.001	0.000	0.004	0.007	0.010	0.002	0.000	Speech 0.52; Music 0.47; Plucked string instrument 0.11; Musical instrument 0.10; Slap, smack 0.09
428.0	432.0	0.346	0.491	0.002	0.100	0.042	0.001	0.000	0.000	0.000	0.000	0.006	0.002	0.000	0.003	0.004	0.001	0.003	0.000	0.001	0.001	0.001	0.000	0.003	0.006	0.028	0.003	0.000	Speech 0.49; Music 0.35; Musical instrument 0.10; Plucked string instrument 0.08; Guitar 0.07
432.0	436.0	0.465	0.576	0.002	0.017	0.014	0.001	0.000	0.000	0.000	0.000	0.005	0.002	0.000	0.001	0.011	0.002	0.010	0.000	0.001	0.001	0.000	0.000	0.007	0.020	0.019	0.010	0.001	Speech 0.58; Music 0.46; Animal 0.03; Run 0.02; Inside, public space 0.02
436.0	440.0	0.452	0.562	0.001	0.089	0.060	0.003	0.001	0.000	0.001	0.000	0.012	0.009	0.001	0.009	0.002	0.000	0.002	0.005	0.011	0.000	0.000	0.000	0.005	0.004	0.015	0.005	0.001	Speech 0.56; Music 0.45; Musical instrument 0.09; Vehicle 0.06; Plucked string instrument 0.05
440.0	444.0	0.445	0.630	0.001	0.032	0.010	0.000	0.000	0.000	0.000	0.000	0.003	0.001	0.000	0.001	0.002	0.000	0.002	0.001	0.001	0.000	0.000	0.000	0.021	0.004	0.037	0.070	0.000	Speech 0.63; Music 0.44; Pigeon, dove 0.09; Coo 0.08; Bird 0.07
444.0	448.0	0.571	0.065	0.005	0.175	0.012	0.001	0.000	0.000	0.000	0.000	0.003	0.001	0.000	0.002	0.000	0.000	0.001	0.001	0.001	0.000	0.000	0.000	0.007	0.001	0.007	0.003	0.000	Music 0.57; Musical instrument 0.18; Flamenco 0.13; Guitar 0.10; Plucked string instrument 0.10
448.0	452.0	0.624	0.020	0.003	0.120	0.003	0.000	0.000	0.000	0.000	0.000	0.001	0.000	0.000	0.000	0.000	0.000	0.001	0.000	0.000	0.000	0.001	0.000	0.006	0.000	0.002	0.003	0.000	Music 0.62; Flamenco 0.13; Musical instrument 0.12; Plucked string instrument 0.09; Guitar 0.09
452.0	456.0	0.696	0.021	0.004	0.149	0.002	0.000	0.000	0.000	0.000	0.000	0.001	0.000	0.000	0.000	0.000	0.000	0.001	0.000	0.000	0.000	0.000	0.000	0.005	0.000	0.001	0.001	0.000	Music 0.70; Flamenco 0.15; Musical instrument 0.15; Plucked string instrument 0.12; Acoustic guitar 0.10
456.0	460.0	0.601	0.017	0.002	0.157	0.003	0.000	0.000	0.000	0.000	0.000	0.000	0.000	0.000	0.000	0.000	0.000	0.000	0.000	0.000	0.000	0.002	0.001	0.011	0.001	0.003	0.000	0.001	Music 0.60; Plucked string instrument 0.16; Musical instrument 0.16; Guitar 0.13; Flamenco 0.10
460.0	464.0	0.009	0.558	0.000	0.000	0.014	0.000	0.000	0.000	0.000	0.000	0.002	0.003	0.000	0.000	0.001	0.002	0.001	0.000	0.000	0.004	0.180	0.086	0.015	0.009	0.004	0.001	0.000	Speech 0.56; Dishes, pots, and pans 0.18; Chink, clink 0.09; Cutlery, silverware 0.09; Slap, smack 0.02
464.0	468.0	0.012	0.773	0.005	0.001	0.003	0.000	0.000	0.000	0.000	0.000	0.001	0.001	0.000	0.000	0.002	0.002	0.001	0.000	0.000	0.002	0.001	0.001	0.008	0.005	0.003	0.002	0.000	Speech 0.77; Male speech, man speaking 0.16; Male singing 0.05; Narration, monologue 0.05; Conversation 0.04
468.0	472.0	0.057	0.754	0.003	0.003	0.003	0.000	0.000	0.000	0.000	0.000	0.000	0.001	0.000	0.000	0.002	0.012	0.001	0.000	0.000	0.007	0.001	0.000	0.005	0.009	0.007	0.001	0.000	Speech 0.75; Male speech, man speaking 0.07; Music 0.06; Chuckle, chortle 0.05; Conversation 0.04
472.0	476.0	0.022	0.537	0.001	0.002	0.010	0.000	0.000	0.000	0.000	0.000	0.002	0.000	0.000	0.000	0.002	0.002	0.001	0.000	0.000	0.002	0.113	0.038	0.012	0.007	0.004	0.002	0.000	Speech 0.54; Dishes, pots, and pans 0.11; Cutlery, silverware 0.04; Male speech, man speaking 0.03; Chink, clink 0.03
476.0	480.0	0.030	0.804	0.002	0.004	0.005	0.000	0.000	0.000	0.000	0.000	0.001	0.001	0.000	0.000	0.006	0.018	0.001	0.000	0.000	0.009	0.000	0.000	0.004	0.008	0.006	0.002	0.002	Speech 0.80; Male speech, man speaking 0.05; Music 0.03; Chuckle, chortle 0.02; Conversation 0.02
480.0	484.0	0.036	0.487	0.001	0.001	0.006	0.000	0.000	0.000	0.000	0.000	0.001	0.000	0.000	0.000	0.002	0.011	0.000	0.000	0.000	0.004	0.008	0.006	0.006	0.004	0.006	0.003	0.001	Speech 0.49; Coin (dropping) 0.06; Single-lens reflex camera 0.05; Music 0.04; Cash register 0.03
484.0	488.0	0.039	0.695	0.000	0.002	0.009	0.000	0.000	0.000	0.000	0.000	0.001	0.001	0.000	0.000	0.001	0.003	0.001	0.000	0.000	0.002	0.016	0.005	0.012	0.007	0.004	0.005	0.000	Speech 0.69; Slap, smack 0.06; Music 0.04; Door 0.03; Male speech, man speaking 0.02
488.0	492.0	0.612	0.349	0.002	0.103	0.001	0.000	0.000	0.000	0.000	0.000	0.000	0.000	0.000	0.000	0.001	0.000	0.001	0.000	0.000	0.002	0.000	0.000	0.007	0.000	0.001	0.001	0.000	Music 0.61; Speech 0.35; Musical instrument 0.10; Flamenco 0.10; Plucked string instrument 0.09
492.0	496.0	0.642	0.026	0.003	0.163	0.003	0.000	0.000	0.000	0.000	0.000	0.001	0.000	0.000	0.000	0.000	0.000	0.001	0.000	0.000	0.000	0.001	0.001	0.005	0.000	0.001	0.002	0.000	Music 0.64; Musical instrument 0.16; Plucked string instrument 0.12; Guitar 0.12; Acoustic guitar 0.11
496.0	500.0	0.742	0.019	0.002	0.087	0.002	0.000	0.000	0.000	0.000	0.000	0.000	0.000	0.000	0.000	0.000	0.000	0.001	0.000	0.000	0.000	0.001	0.000	0.003	0.000	0.001	0.001	0.000	Music 0.74; Musical instrument 0.09; Flamenco 0.08; Plucked string instrument 0.06; Guitar 0.05
500.0	504.0	0.688	0.024	0.003	0.107	0.002	0.000	0.000	0.000	0.000	0.000	0.000	0.000	0.000	0.000	0.000	0.000	0.001	0.000	0.000	0.000	0.001	0.000	0.004	0.000	0.001	0.001	0.000	Music 0.69; Musical instrument 0.11; Flamenco 0.09; Guitar 0.08; Plucked string instrument 0.07
504.0	508.0	0.818	0.013	0.003	0.172	0.001	0.000	0.000	0.000	0.000	0.000	0.000	0.000	0.000	0.000	0.000	0.000	0.001	0.000	0.000	0.000	0.001	0.000	0.003	0.000	0.001	0.001	0.000	Music 0.82; Musical instrument 0.17; Guitar 0.15; Plucked string instrument 0.14; Acoustic guitar 0.13
508.0	512.0	0.638	0.716	0.001	0.013	0.019	0.000	0.000	0.000	0.000	0.000	0.001	0.000	0.000	0.004	0.000	0.000	0.000	0.011	0.012	0.000	0.000	0.000	0.005	0.000	0.006	0.001	0.000	Speech 0.72; Music 0.64; Slosh 0.17; Water 0.10; Waterfall 0.04
512.0	516.0	0.111	0.434	0.000	0.002	0.021	0.000	0.000	0.000	0.000	0.000	0.011	0.001	0.000	0.001	0.002	0.000	0.001	0.001	0.001	0.000	0.001	0.000	0.005	0.002	0.011	0.002	0.000	Chop 0.46; Speech 0.43; Music 0.11; Chopping (food) 0.05; Knock 0.04
516.0	520.0	0.301	0.564	0.001	0.002	0.028	0.000	0.000	0.000	0.000	0.000	0.018	0.000	0.000	0.001	0.003	0.001	0.005	0.000	0.001	0.000	0.001	0.001	0.006	0.008	0.014	0.002	0.000	Speech 0.56; Music 0.30; Chop 0.05; Shuffle 0.05; Vehicle 0.03
520.0	524.0	0.602	0.635	0.001	0.037	0.033	0.001	0.001	0.000	0.000	0.000	0.012	0.000	0.000	0.002	0.001	0.000	0.003	0.004	0.005	0.001	0.001	0.000	0.005	0.002	0.015	0.001	0.000	Speech 0.63; Music 0.60; Musical instrument 0.04; Water 0.04; Vehicle 0.03
524.0	528.0	0.611	0.026	0.003	0.162	0.003	0.000	0.000	0.000	0.000	0.000	0.001	0.000	0.000	0.000	0.000	0.000	0.001	0.000	0.000	0.000	0.001	0.000	0.006	0.000	0.002	0.002	0.000	Music 0.61; Musical instrument 0.16; Guitar 0.15; Plucked string instrument 0.13; Flamenco 0.13
528.0	532.0	0.741	0.019	0.002	0.090	0.002	0.000	0.000	0.000	0.000	0.000	0.000	0.000	0.000	0.000	0.000	0.000	0.001	0.000	0.000	0.000	0.000	0.000	0.003	0.000	0.001	0.001	0.000	Music 0.74; Musical instrument 0.09; Plucked string instrument 0.07; Flamenco 0.07; Guitar 0.06
532.0	536.0	0.664	0.029	0.004	0.121	0.003	0.000	0.000	0.000	0.000	0.000	0.000	0.000	0.000	0.000	0.000	0.000	0.001	0.000	0.000	0.000	0.001	0.000	0.005	0.000	0.001	0.002	0.000	Music 0.66; Musical instrument 0.12; Flamenco 0.11; Guitar 0.10; Plucked string instrument 0.08
536.0	540.0	0.570	0.675	0.001	0.033	0.017	0.000	0.000	0.000	0.000	0.000	0.005	0.002	0.000	0.001	0.000	0.000	0.001	0.000	0.000	0.000	0.001	0.001	0.015	0.001	0.010	0.037	0.000	Speech 0.67; Music 0.57; Guitar 0.04; Bird 0.04; Musical instrument 0.03
540.0	544.0	0.074	0.610	0.001	0.001	0.012	0.000	0.000	0.000	0.000	0.000	0.002	0.001	0.000	0.000	0.007	0.003	0.006	0.000	0.000	0.001	0.001	0.001	0.006	0.014	0.021	0.014	0.000	Speech 0.61; Music 0.07; Animal 0.05; Owl 0.03; Squeak 0.03
544.0	548.0	0.073	0.627	0.001	0.002	0.030	0.001	0.000	0.000	0.000	0.000	0.007	0.002	0.000	0.001	0.009	0.002	0.005	0.000	0.000	0.001	0.002	0.001	0.006	0.026	0.038	0.010	0.000	Speech 0.63; Music 0.07; Animal 0.04; Outside, urban or manmade 0.04; Vehicle 0.03
548.0	552.0	0.066	0.701	0.002	0.001	0.005	0.000	0.000	0.000	0.000	0.000	0.000	0.001	0.000	0.000	0.007	0.003	0.002	0.000	0.000	0.001	0.002	0.002	0.010	0.015	0.022	0.001	0.000	Speech 0.70; Single-lens reflex camera 0.25; Music 0.07; Female speech, woman speaking 0.04; Outside, urban or manmade 0.02
552.0	556.0	0.091	0.751	0.000	0.001	0.079	0.001	0.000	0.000	0.000	0.000	0.017	0.015	0.001	0.001	0.002	0.001	0.001	0.000	0.000	0.002	0.001	0.000	0.013	0.014	0.023	0.003	0.000	Speech 0.75; Music 0.09; Vehicle 0.08; Animal 0.03; Oink 0.03
556.0	560.0	0.026	0.708	0.000	0.001	0.011	0.001	0.000	0.000	0.000	0.000	0.002	0.001	0.000	0.001	0.001	0.002	0.001	0.000	0.000	0.002	0.000	0.000	0.008	0.007	0.017	0.020	0.000	Speech 0.71; Animal 0.18; Crow 0.16; Oink 0.12; Caw 0.08
560.0	564.0	0.591	0.703	0.002	0.039	0.047	0.000	0.000	0.000	0.000	0.000	0.009	0.003	0.000	0.005	0.002	0.000	0.001	0.004	0.005	0.001	0.000	0.000	0.004	0.002	0.029	0.001	0.000	Speech 0.70; Music 0.59; Vehicle 0.05; Musical instrument 0.04; Slosh 0.04
564.0	568.0	0.712	0.020	0.004	0.119	0.002	0.000	0.000	0.000	0.000	0.000	0.000	0.000	0.000	0.000	0.000	0.000	0.001	0.000	0.000	0.000	0.000	0.000	0.003	0.000	0.001	0.001	0.000	Music 0.71; Flamenco 0.15; Musical instrument 0.12; Acoustic guitar 0.10; Guitar 0.09
568.0	572.0	0.659	0.026	0.004	0.123	0.003	0.000	0.000	0.000	0.000	0.000	0.000	0.000	0.000	0.000	0.000	0.000	0.001	0.000	0.000	0.000	0.001	0.000	0.004	0.000	0.002	0.001	0.000	Music 0.66; Musical instrument 0.12; Flamenco 0.10; Guitar 0.10; Plucked string instrument 0.09
572.0	576.0	0.753	0.020	0.003	0.111	0.002	0.000	0.000	0.000	0.000	0.000	0.000	0.000	0.000	0.000	0.000	0.000	0.001	0.000	0.000	0.000	0.000	0.000	0.004	0.000	0.001	0.001	0.000	Music 0.75; Musical instrument 0.11; Flamenco 0.10; Guitar 0.08; Plucked string instrument 0.07
576.0	580.0	0.706	0.021	0.003	0.153	0.002	0.000	0.000	0.000	0.000	0.000	0.000	0.000	0.000	0.000	0.000	0.000	0.001	0.000	0.000	0.000	0.001	0.000	0.006	0.000	0.001	0.001	0.000	Music 0.71; Musical instrument 0.15; Plucked string instrument 0.15; Guitar 0.14; Acoustic guitar 0.12
580.0	584.0	0.558	0.533	0.001	0.109	0.005	0.000	0.000	0.000	0.000	0.000	0.001	0.000	0.000	0.000	0.000	0.000	0.000	0.000	0.000	0.000	0.004	0.001	0.021	0.000	0.002	0.000	0.000	Music 0.56; Speech 0.53; Musical instrument 0.11; Guitar 0.07; Acoustic guitar 0.05
584.0	588.0	0.055	0.656	0.000	0.002	0.121	0.013	0.006	0.001	0.001	0.001	0.022	0.011	0.001	0.009	0.001	0.000	0.003	0.006	0.007	0.001	0.001	0.000	0.008	0.003	0.013	0.014	0.000	Speech 0.66; Vehicle 0.12; Music 0.05; Animal 0.03; Explosion 0.02
588.0	592.0	0.211	0.570	0.000	0.004	0.111	0.003	0.002	0.000	0.001	0.001	0.019	0.010	0.000	0.007	0.001	0.000	0.001	0.009	0.012	0.001	0.002	0.001	0.017	0.001	0.006	0.003	0.000	Speech 0.57; Music 0.21; Vehicle 0.11; Water 0.08; Slosh 0.05
592.0	596.0	0.265	0.511	0.000	0.008	0.023	0.001	0.000	0.000	0.000	0.000	0.008	0.001	0.000	0.000	0.000	0.000	0.000	0.000	0.000	0.000	0.002	0.001	0.020	0.001	0.004	0.002	0.000	Speech 0.51; Music 0.26; Cash register 0.08; Breaking 0.08; Coin (dropping) 0.03
596.0	600.0	0.065	0.469	0.000	0.003	0.083	0.013	0.008	0.000	0.002	0.001	0.016	0.016	0.001	0.003	0.002	0.000	0.002	0.002	0.001	0.001	0.002	0.001	0.033	0.002	0.020	0.028	0.001	Speech 0.47; Vehicle 0.08; Music 0.06; Rain 0.03; Inside, small room 0.03
600.0	604.0	0.050	0.561	0.001	0.003	0.045	0.001	0.001	0.000	0.000	0.000	0.003	0.002	0.000	0.001	0.002	0.001	0.005	0.001	0.001	0.001	0.002	0.001	0.031	0.004	0.014	0.018	0.000	Speech 0.56; Animal 0.07; Music 0.05; Vehicle 0.04; Inside, small room 0.03
604.0	608.0	0.382	0.499	0.001	0.006	0.013	0.000	0.000	0.000	0.000	0.000	0.003	0.000	0.000	0.001	0.002	0.001	0.006	0.000	0.000	0.000	0.001	0.001	0.039	0.006	0.013	0.015	0.000	Speech 0.50; Music 0.38; Inside, small room 0.04; Crackle 0.04; Animal 0.03
608.0	612.0	0.068	0.558	0.000	0.002	0.021	0.000	0.000	0.000	0.000	0.000	0.002	0.001	0.000	0.001	0.004	0.003	0.004	0.000	0.000	0.001	0.001	0.000	0.023	0.010	0.017	0.041	0.000	Speech 0.56; Music 0.07; Bird 0.04; Animal 0.02; Inside, small room 0.02
612.0	616.0	0.039	0.496	0.000	0.002	0.017	0.001	0.000	0.000	0.000	0.000	0.002	0.001	0.000	0.002	0.003	0.002	0.001	0.001	0.001	0.001	0.001	0.000	0.019	0.005	0.024	0.030	0.000	Speech 0.50; Water 0.08; Music 0.04; Liquid 0.03; Animal 0.03
616.0	620.0	0.185	0.552	0.001	0.005	0.049	0.001	0.001	0.000	0.001	0.000	0.015	0.006	0.000	0.002	0.009	0.006	0.003	0.001	0.001	0.001	0.001	0.001	0.006	0.019	0.025	0.004	0.000	Speech 0.55; Music 0.19; Vehicle 0.05; Male speech, man speaking 0.03; Outside, urban or manmade 0.03
620.0	624.0	0.112	0.514	0.001	0.005	0.047	0.001	0.001	0.001	0.000	0.000	0.007	0.005	0.000	0.001	0.007	0.018	0.002	0.000	0.000	0.002	0.066	0.020	0.006	0.029	0.021	0.001	0.000	Speech 0.51; Music 0.11; Chink, clink 0.10; Dishes, pots, and pans 0.07; Vehicle 0.05
624.0	628.0	0.034	0.723	0.001	0.002	0.037	0.002	0.001	0.000	0.000	0.000	0.005	0.005	0.000	0.001	0.016	0.038	0.004	0.000	0.000	0.001	0.002	0.000	0.003	0.073	0.033	0.005	0.000	Speech 0.72; Inside, public space 0.07; Chatter 0.04; Vehicle 0.04; Male speech, man speaking 0.03
628.0	632.0	0.048	0.674	0.001	0.005	0.039	0.002	0.001	0.000	0.001	0.000	0.007	0.008	0.000	0.001	0.014	0.041	0.003	0.000	0.000	0.002	0.001	0.000	0.003	0.050	0.035	0.003	0.000	Speech 0.67; Inside, public space 0.05; Male speech, man speaking 0.05; Music 0.05; Chatter 0.04
632.0	636.0	0.077	0.610	0.001	0.003	0.024	0.001	0.001	0.000	0.000	0.000	0.005	0.004	0.000	0.000	0.007	0.019	0.002	0.000	0.000	0.006	0.003	0.001	0.007	0.041	0.012	0.003	0.000	Speech 0.61; Music 0.08; Inside, public space 0.04; Male speech, man speaking 0.03; Vehicle 0.02
636.0	640.0	0.248	0.524	0.001	0.002	0.007	0.000	0.000	0.000	0.000	0.000	0.001	0.000	0.000	0.000	0.006	0.004	0.001	0.000	0.000	0.002	0.020	0.014	0.007	0.014	0.006	0.001	0.003	Speech 0.52; Music 0.25; Ding 0.07; Chink, clink 0.06; Ping 0.05
640.0	644.0	0.534	0.537	0.001	0.037	0.005	0.001	0.000	0.000	0.000	0.000	0.001	0.000	0.000	0.000	0.001	0.001	0.001	0.000	0.000	0.002	0.019	0.009	0.011	0.003	0.006	0.002	0.000	Speech 0.54; Music 0.53; Musical instrument 0.04; Plucked string instrument 0.03; Guitar 0.03
644.0	648.0	0.697	0.023	0.004	0.125	0.002	0.000	0.000	0.000	0.000	0.000	0.000	0.000	0.000	0.000	0.000	0.000	0.001	0.000	0.000	0.000	0.001	0.000	0.005	0.000	0.001	0.001	0.000	Music 0.70; Musical instrument 0.12; Flamenco 0.10; Guitar 0.09; Plucked string instrument 0.09
648.0	652.0	0.697	0.018	0.002	0.159	0.001	0.000	0.000	0.000	0.000	0.000	0.000	0.000	0.000	0.000	0.000	0.000	0.000	0.000	0.000	0.000	0.002	0.001	0.009	0.000	0.000	0.000	0.000	Music 0.70; Musical instrument 0.16; Flamenco 0.12; Wood block 0.12; Guitar 0.10
652.0	656.0	0.586	0.028	0.003	0.100	0.004	0.000	0.000	0.000	0.000	0.000	0.001	0.000	0.000	0.000	0.000	0.000	0.001	0.000	0.000	0.000	0.001	0.000	0.006	0.000	0.001	0.002	0.000	Music 0.59; Musical instrument 0.10; Guitar 0.09; Plucked string instrument 0.08; Acoustic guitar 0.05
656.0	660.0	0.770	0.806	0.010	0.045	0.003	0.000	0.000	0.000	0.000	0.000	0.001	0.001	0.000	0.000	0.001	0.000	0.001	0.000	0.000	0.001	0.000	0.000	0.008	0.004	0.002	0.001	0.000	Speech 0.81; Music 0.77; Guitar 0.05; Plucked string instrument 0.05; Musical instrument 0.05
660.0	664.0	0.042	0.638	0.000	0.001	0.014	0.001	0.001	0.000	0.000	0.000	0.004	0.001	0.000	0.001	0.001	0.000	0.006	0.000	0.000	0.001	0.002	0.001	0.012	0.009	0.006	0.007	0.000	Speech 0.64; Music 0.04; Slam 0.03; Male speech, man speaking 0.03; Sliding door 0.03
664.0	668.0	0.017	0.691	0.000	0.000	0.011	0.000	0.000	0.000	0.000	0.000	0.004	0.000	0.000	0.000	0.000	0.000	0.002	0.000	0.000	0.000	0.002	0.002	0.012	0.001	0.002	0.002	0.000	Speech 0.69; Door 0.54; Slam 0.30; Sliding door 0.10; Knock 0.03
668.0	672.0	0.027	0.682	0.000	0.001	0.005	0.000	0.000	0.000	0.000	0.000	0.002	0.000	0.000	0.000	0.001	0.001	0.008	0.000	0.000	0.004	0.004	0.001	0.011	0.008	0.005	0.006	0.000	Speech 0.68; Slap, smack 0.08; Animal 0.04; Music 0.03; Slam 0.03
672.0	676.0	0.128	0.624	0.000	0.001	0.005	0.000	0.000	0.000	0.000	0.000	0.001	0.000	0.000	0.000	0.001	0.000	0.008	0.000	0.000	0.001	0.002	0.002	0.027	0.003	0.006	0.015	0.000	Speech 0.62; Music 0.13; Slam 0.04; Animal 0.03; Inside, small room 0.03
676.0	680.0	0.041	0.564	0.000	0.001	0.051	0.001	0.001	0.000	0.000	0.000	0.020	0.002	0.000	0.002	0.001	0.000	0.002	0.001	0.001	0.001	0.000	0.000	0.014	0.003	0.010	0.003	0.000	Speech 0.56; Slam 0.18; Explosion 0.06; Vehicle 0.05; Music 0.04
680.0	684.0	0.121	0.567	0.000	0.001	0.111	0.004	0.002	0.000	0.003	0.002	0.048	0.010	0.001	0.001	0.001	0.000	0.001	0.001	0.001	0.003	0.000	0.000	0.005	0.002	0.010	0.003	0.000	Speech 0.57; Music 0.12; Vehicle 0.11; Car 0.05; Television 0.03
684.0	688.0	0.048	0.638	0.001	0.001	0.118	0.004	0.002	0.000	0.001	0.001	0.040	0.017	0.002	0.005	0.004	0.001	0.004	0.002	0.002	0.001	0.001	0.000	0.008	0.009	0.020	0.005	0.000	Speech 0.64; Vehicle 0.12; Music 0.05; Car 0.04; Animal 0.02
688.0	692.0	0.034	0.635	0.000	0.001	0.117	0.003	0.001	0.000	0.001	0.001	0.045	0.033	0.005	0.002	0.001	0.000	0.001	0.002	0.002	0.002	0.001	0.001	0.014	0.004	0.015	0.005	0.000	Speech 0.64; Vehicle 0.12; Car 0.04; Music 0.03; Bus 0.03
692.0	696.0	0.652	0.757	0.001	0.002	0.185	0.001	0.001	0.000	0.001	0.001	0.136	0.009	0.004	0.002	0.001	0.000	0.001	0.001	0.001	0.000	0.000	0.000	0.002	0.002	0.035	0.001	0.000	Speech 0.76; Music 0.65; Vehicle 0.18; Car 0.14; Outside, urban or manmade 0.04
696.0	700.0	0.681	0.036	0.003	0.018	0.010	0.001	0.000	0.000	0.000	0.000	0.002	0.000	0.000	0.000	0.000	0.000	0.002	0.000	0.000	0.000	0.001	0.001	0.004	0.000	0.002	0.002	0.001	Music 0.68; Speech 0.04; Exciting music 0.03; Funk 0.02; Disco 0.02
700.0	704.0	0.598	0.727	0.003	0.004	0.049	0.002	0.001	0.000	0.000	0.001	0.017	0.001	0.000	0.001	0.003	0.000	0.003	0.001	0.001	0.001	0.000	0.000	0.001	0.009	0.026	0.002	0.000	Speech 0.73; Music 0.60; Vehicle 0.05; Outside, urban or manmade 0.03; Car 0.02
704.0	708.0	0.307	0.689	0.000	0.001	0.025	0.001	0.001	0.000	0.000	0.000	0.009	0.001	0.000	0.000	0.002	0.000	0.002	0.000	0.000	0.001	0.002	0.001	0.020	0.008	0.003	0.002	0.000	Speech 0.69; Music 0.31; Shuffle 0.07; Slam 0.04; Male speech, man speaking 0.03
708.0	712.0	0.109	0.612	0.000	0.002	0.013	0.000	0.000	0.000	0.000	0.000	0.004	0.001	0.000	0.000	0.001	0.000	0.002	0.000	0.000	0.002	0.001	0.000	0.010	0.006	0.004	0.001	0.000	Speech 0.61; Slam 0.22; Door 0.11; Music 0.11; Slap, smack 0.06
712.0	716.0	0.197	0.677	0.001	0.003	0.087	0.003	0.002	0.000	0.001	0.001	0.024	0.010	0.001	0.012	0.002	0.000	0.003	0.003	0.004	0.001	0.002	0.001	0.010	0.009	0.021	0.008	0.001	Speech 0.68; Music 0.20; Vehicle 0.09; Car 0.02; Outside, urban or manmade 0.02
716.0	720.0	0.098	0.580	0.001	0.002	0.023	0.001	0.000	0.000	0.000	0.000	0.008	0.002	0.000	0.001	0.004	0.001	0.006	0.000	0.000	0.001	0.002	0.001	0.014	0.013	0.011	0.004	0.000	Speech 0.58; Music 0.10; Vehicle 0.02; Gasp 0.02; Animal 0.02
720.0	724.0	0.175	0.617	0.000	0.004	0.022	0.001	0.000	0.000	0.000	0.000	0.006	0.001	0.000	0.000	0.012	0.004	0.003	0.000	0.000	0.001	0.001	0.001	0.005	0.021	0.009	0.004	0.000	Speech 0.62; Music 0.18; Slam 0.04; Basketball bounce 0.03; Vehicle 0.02
724.0	728.0	0.155	0.612	0.000	0.002	0.029	0.001	0.000	0.000	0.000	0.000	0.007	0.001	0.000	0.002	0.007	0.003	0.017	0.000	0.001	0.001	0.002	0.001	0.011	0.014	0.032	0.005	0.000	Speech 0.61; Music 0.15; Animal 0.05; Clip-clop 0.05; Outside, urban or manmade 0.03
728.0	732.0	0.185	0.704	0.000	0.001	0.006	0.000	0.000	0.000	0.000	0.000	0.001	0.000	0.000	0.000	0.001	0.000	0.002	0.000	0.000	0.001	0.015	0.011	0.015	0.003	0.002	0.006	0.000	Speech 0.70; Music 0.18; Animal 0.02; Fill (with liquid) 0.02; Boiling 0.02
732.0	736.0	0.165	0.551	0.000	0.001	0.015	0.001	0.000	0.000	0.000	0.000	0.004	0.001	0.000	0.000	0.001	0.000	0.001	0.000	0.000	0.000	0.009	0.004	0.015	0.003	0.004	0.004	0.000	Speech 0.55; Music 0.16; Fill (with liquid) 0.03; Mechanisms 0.02; Sliding door 0.02
736.0	740.0	0.026	0.661	0.000	0.001	0.100	0.001	0.001	0.000	0.001	0.000	0.031	0.002	0.000	0.001	0.000	0.000	0.001	0.000	0.000	0.000	0.002	0.001	0.014	0.001	0.005	0.002	0.000	Speech 0.66; Pump (liquid) 0.12; Engine 0.11; Fill (with liquid) 0.10; Vehicle 0.10
740.0	744.0	0.015	0.594	0.000	0.001	0.060	0.001	0.000	0.000	0.000	0.000	0.007	0.001	0.000	0.002	0.000	0.000	0.001	0.000	0.000	0.000	0.010	0.006	0.011	0.001	0.004	0.004	0.000	Speech 0.59; Gears 0.09; Vehicle 0.06; Mechanisms 0.04; Coin (dropping) 0.03
744.0	748.0	0.017	0.642	0.000	0.001	0.176	0.003	0.001	0.000	0.001	0.000	0.031	0.003	0.000	0.001	0.000	0.000	0.001	0.000	0.001	0.000	0.002	0.001	0.008	0.001	0.008	0.003	0.000	Speech 0.64; Vehicle 0.18; Engine 0.11; Rattle 0.08; Idling 0.06
748.0	752.0	0.557	0.099	0.009	0.006	0.045	0.001	0.000	0.000	0.000	0.000	0.012	0.001	0.000	0.000	0.000	0.000	0.001	0.000	0.000	0.000	0.001	0.001	0.005	0.001	0.004	0.001	0.000	Music 0.56; Speech 0.10; Vehicle 0.04; Breaking 0.03; Keys jangling 0.02
752.0	756.0	0.614	0.048	0.009	0.011	0.087	0.007	0.004	0.001	0.001	0.001	0.021	0.008	0.002	0.010	0.000	0.000	0.001	0.023	0.023	0.000	0.000	0.000	0.002	0.001	0.009	0.001	0.000	Music 0.61; Vehicle 0.09; Speech 0.05; Waves, surf 0.02; Ocean 0.02
756.0	760.0	0.618	0.052	0.006	0.011	0.059	0.004	0.002	0.000	0.000	0.000	0.011	0.003	0.000	0.002	0.000	0.000	0.002	0.001	0.001	0.000	0.001	0.000	0.004	0.001	0.006	0.002	0.000	Music 0.62; Vehicle 0.06; Speech 0.05; Sliding door 0.03; Mechanisms 0.02
760.0	764.0	0.611	0.639	0.001	0.002	0.005	0.001	0.000	0.000	0.000	0.000	0.002	0.000	0.000	0.000	0.003	0.000	0.001	0.000	0.000	0.003	0.000	0.000	0.005	0.011	0.009	0.001	0.000	Speech 0.64; Music 0.61; Gasp 0.10; Snort 0.06; Animal 0.04
764.0	768.0	0.419	0.596	0.001	0.005	0.021	0.001	0.001	0.000	0.000	0.000	0.004	0.001	0.000	0.001	0.004	0.001	0.005	0.001	0.001	0.000	0.004	0.003	0.015	0.008	0.019	0.008	0.000	Speech 0.60; Music 0.42; Boiling 0.05; Liquid 0.03; Animal 0.02
768.0	772.0	0.061	0.676	0.000	0.001	0.037	0.001	0.001	0.000	0.000	0.000	0.004	0.001	0.000	0.002	0.001	0.000	0.001	0.002	0.002	0.001	0.001	0.000	0.011	0.002	0.011	0.007	0.000	Speech 0.68; Boiling 0.10; Music 0.06; Liquid 0.05; Water 0.05
772.0	776.0	0.022	0.669	0.000	0.001	0.073	0.007	0.004	0.000	0.001	0.000	0.012	0.002	0.001	0.020	0.001	0.000	0.009	0.004	0.006	0.000	0.002	0.001	0.013	0.006	0.067	0.016	0.000	Speech 0.67; Vehicle 0.07; Outside, urban or manmade 0.07; Chop 0.03; Music 0.02
776.0	780.0	0.045	0.636	0.000	0.001	0.096	0.008	0.004	0.000	0.000	0.000	0.024	0.006	0.001	0.002	0.001	0.000	0.004	0.000	0.001	0.000	0.003	0.002	0.017	0.004	0.024	0.016	0.000	Speech 0.64; Vehicle 0.10; Music 0.04; Sliding door 0.04; Door 0.03
780.0	784.0	0.127	0.452	0.000	0.001	0.026	0.001	0.001	0.000	0.000	0.000	0.007	0.002	0.000	0.001	0.002	0.000	0.005	0.000	0.000	0.000	0.003	0.002	0.008	0.009	0.020	0.004	0.000	Speech 0.45; Chop 0.22; Music 0.13; Chopping (food) 0.12; Ping 0.04
784.0	788.0	0.600	0.621	0.004	0.003	0.009	0.000	0.000	0.000	0.000	0.000	0.003	0.000	0.000	0.001	0.009	0.001	0.006	0.000	0.000	0.001	0.000	0.000	0.005	0.008	0.016	0.001	0.000	Speech 0.62; Music 0.60; Slap, smack 0.04; Ping 0.03; Slam 0.03
788.0	792.0	0.563	0.361	0.004	0.005	0.097	0.004	0.002	0.000	0.001	0.001	0.012	0.004	0.000	0.006	0.005	0.001	0.002	0.004	0.003	0.001	0.000	0.000	0.002	0.005	0.039	0.003	0.000	Music 0.56; Speech 0.36; Vehicle 0.10; Run 0.05; Outside, urban or manmade 0.04
792.0	796.0	0.196	0.553	0.001	0.003	0.031	0.001	0.001	0.000	0.000	0.000	0.008	0.004	0.000	0.001	0.008	0.002	0.004	0.001	0.001	0.001	0.002	0.001	0.009	0.018	0.019	0.006	0.001	Speech 0.55; Music 0.20; Vehicle 0.03; Animal 0.03; Outside, urban or manmade 0.02
796.0	800.0	0.178	0.548	0.001	0.002	0.013	0.001	0.000	0.000	0.000	0.000	0.002	0.001	0.000	0.001	0.004	0.003	0.005	0.000	0.000	0.001	0.014	0.004	0.011	0.025	0.018	0.003	0.000	Speech 0.55; Music 0.18; Slap, smack 0.05; Chopping (food) 0.03; Slam 0.03
800.0	804.0	0.374	0.506	0.000	0.002	0.013	0.001	0.000	0.000	0.000	0.000	0.004	0.002	0.000	0.000	0.002	0.001	0.001	0.000	0.000	0.002	0.000	0.000	0.008	0.005	0.006	0.018	0.000	Speech 0.51; Music 0.37; Owl 0.32; Crow 0.19; Caw 0.10
804.0	808.0	0.529	0.658	0.001	0.003	0.008	0.000	0.000	0.000	0.000	0.000	0.002	0.001	0.000	0.000	0.002	0.001	0.003	0.000	0.000	0.004	0.001	0.000	0.011	0.008	0.007	0.005	0.001	Speech 0.66; Music 0.53; Television 0.04; Animal 0.04; Domestic animals, pets 0.03
808.0	812.0	0.450	0.569	0.000	0.002	0.007	0.000	0.000	0.000	0.000	0.000	0.004	0.000	0.000	0.000	0.000	0.000	0.002	0.000	0.000	0.002	0.008	0.002	0.012	0.004	0.003	0.001	0.000	Speech 0.57; Music 0.45; Slam 0.06; Door 0.04; Throat clearing 0.03
812.0	816.0	0.037	0.500	0.000	0.001	0.016	0.001	0.001	0.000	0.000	0.000	0.004	0.000	0.000	0.001	0.003	0.000	0.002	0.000	0.000	0.001	0.000	0.001	0.002	0.005	0.008	0.002	0.001	Speech 0.50; Hammer 0.24; Music 0.04; Whack, thwack 0.02; Slam 0.02
816.0	820.0	0.086	0.573	0.000	0.001	0.012	0.001	0.000	0.000	0.000	0.000	0.003	0.000	0.000	0.001	0.002	0.000	0.002	0.000	0.000	0.000	0.002	0.002	0.004	0.006	0.006	0.005	0.000	Speech 0.57; Music 0.09; Hammer 0.08; Slam 0.05; Animal 0.03
820.0	824.0	0.562	0.593	0.000	0.003	0.017	0.000	0.000	0.000	0.000	0.000	0.003	0.000	0.000	0.001	0.002	0.000	0.004	0.000	0.000	0.000	0.001	0.000	0.002	0.003	0.006	0.004	0.001	Speech 0.59; Music 0.56; Hammer 0.06; Slam 0.05; Animal 0.03
824.0	828.0	0.517	0.064	0.016	0.019	0.006	0.000	0.000	0.000	0.000	0.000	0.001	0.000	0.000	0.000	0.001	0.000	0.002	0.000	0.000	0.000	0.000	0.000	0.007	0.001	0.003	0.002	0.000	Music 0.52; Speech 0.06; Single-lens reflex camera 0.03; Funk 0.02; Disco 0.02
828.0	832.0	0.587	0.073	0.023	0.029	0.008	0.000	0.000	0.000	0.000	0.000	0.003	0.000	0.000	0.000	0.001	0.000	0.001	0.000	0.000	0.000	0.000	0.000	0.004	0.001	0.003	0.001	0.000	Music 0.59; Speech 0.07; Musical instrument 0.03; Pop music 0.02; Exciting music 0.02
832.0	836.0	0.533	0.313	0.019	0.013	0.022	0.001	0.000	0.000	0.000	0.000	0.003	0.002	0.000	0.001	0.010	0.003	0.001	0.001	0.001	0.001	0.000	0.000	0.002	0.013	0.026	0.001	0.000	Music 0.53; Speech 0.31; Outside, urban or manmade 0.03; Run 0.02; Vehicle 0.02
836.0	840.0	0.588	0.244	0.001	0.005	0.008	0.000	0.000	0.000	0.000	0.000	0.001	0.001	0.000	0.000	0.014	0.002	0.003	0.000	0.000	0.001	0.000	0.000	0.006	0.010	0.018	0.001	0.000	Music 0.59; Speech 0.24; Single-lens reflex camera 0.06; Outside, urban or manmade 0.02; Spray 0.02
840.0	844.0	0.708	0.766	0.003	0.006	0.013	0.000	0.000	0.000	0.000	0.000	0.005	0.000	0.000	0.000	0.004	0.000	0.001	0.000	0.000	0.001	0.000	0.000	0.002	0.006	0.015	0.002	0.000	Speech 0.77; Music 0.71; Male speech, man speaking 0.04; Television 0.02; Hip hop music 0.02
844.0	848.0	0.051	0.666	0.000	0.003	0.018	0.000	0.000	0.000	0.000	0.000	0.005	0.001	0.000	0.000	0.000	0.000	0.000	0.000	0.000	0.001	0.000	0.000	0.007	0.001	0.004	0.002	0.001	Speech 0.67; Music 0.05; Television 0.04; Male speech, man speaking 0.04; Narration, monologue 0.03
848.0	852.0	0.466	0.779	0.000	0.007	0.008	0.000	0.000	0.000	0.000	0.000	0.003	0.001	0.000	0.000	0.000	0.000	0.000	0.000	0.000	0.000	0.001	0.000	0.004	0.000	0.001	0.001	0.002	Speech 0.78; Music 0.47; Television 0.11; Ice cream truck, ice cream van 0.06; Male speech, man speaking 0.04
852.0	856.0	0.311	0.838	0.001	0.002	0.001	0.000	0.000	0.000	0.000	0.000	0.000	0.001	0.000	0.000	0.000	0.000	0.000	0.000	0.000	0.001	0.000	0.000	0.006	0.000	0.002	0.004	0.000	Speech 0.84; Music 0.31; Domestic animals, pets 0.14; Animal 0.09; Whimper 0.08
856.0	860.0	0.075	0.786	0.001	0.002	0.005	0.000	0.000	0.000	0.000	0.000	0.001	0.002	0.000	0.000	0.000	0.000	0.000	0.000	0.000	0.001	0.000	0.000	0.010	0.001	0.003	0.005	0.000	Speech 0.79; Domestic animals, pets 0.09; Music 0.08; Meow 0.06; Animal 0.05
860.0	864.0	0.721	0.792	0.001	0.373	0.001	0.000	0.000	0.000	0.000	0.000	0.000	0.000	0.000	0.000	0.000	0.000	0.000	0.000	0.000	0.000	0.000	0.000	0.005	0.000	0.001	0.001	0.000	Speech 0.79; Music 0.72; Musical instrument 0.37; Plucked string instrument 0.30; Guitar 0.23
864.0	868.0	0.654	0.017	0.001	0.337	0.002	0.000	0.000	0.000	0.000	0.000	0.001	0.000	0.000	0.000	0.000	0.000	0.000	0.000	0.000	0.000	0.000	0.000	0.002	0.000	0.001	0.001	0.000	Music 0.65; Violin, fiddle 0.47; Musical instrument 0.34; Bowed string instrument 0.14; Pizzicato 0.06
868.0	872.0	0.653	0.036	0.003	0.071	0.006	0.000	0.000	0.000	0.000	0.000	0.001	0.000	0.000	0.001	0.000	0.000	0.001	0.000	0.000	0.000	0.001	0.000	0.006	0.000	0.003	0.002	0.000	Music 0.65; Flamenco 0.10; Musical instrument 0.07; Plucked string instrument 0.07; Guitar 0.06
872.0	876.0	0.623	0.774	0.002	0.081	0.014	0.001	0.000	0.000	0.000	0.000	0.003	0.003	0.000	0.000	0.007	0.012	0.001	0.000	0.000	0.006	0.000	0.000	0.004	0.028	0.018	0.001	0.000	Speech 0.77; Music 0.62; Musical instrument 0.08; Plucked string instrument 0.07; Guitar 0.05
876.0	880.0	0.023	0.756	0.000	0.001	0.022	0.001	0.000	0.000	0.000	0.000	0.004	0.004	0.000	0.000	0.006	0.014	0.006	0.000	0.000	0.001	0.002	0.000	0.005	0.036	0.016	0.007	0.000	Speech 0.76; Inside, public space 0.04; Male speech, man speaking 0.03; Animal 0.03; Music 0.02
880.0	884.0	0.463	0.470	0.004	0.013	0.015	0.001	0.000	0.000	0.000	0.000	0.002	0.001	0.000	0.001	0.006	0.012	0.007	0.000	0.000	0.001	0.001	0.000	0.003	0.019	0.017	0.001	0.000	Speech 0.47; Music 0.46; Slap, smack 0.03; Run 0.02; Clip-clop 0.02
884.0	888.0	0.722	0.026	0.003	0.115	0.004	0.000	0.000	0.000	0.000	0.000	0.001	0.000	0.000	0.000	0.000	0.000	0.001	0.000	0.000	0.000	0.001	0.000	0.006	0.000	0.002	0.002	0.001	Music 0.72; Violin, fiddle 0.15; Musical instrument 0.11; Flamenco 0.04; Country 0.03
888.0	892.0	0.420	0.489	0.001	0.020	0.085	0.002	0.001	0.000	0.001	0.001	0.014	0.003	0.001	0.002	0.001	0.000	0.001	0.001	0.003	0.001	0.000	0.000	0.003	0.002	0.016	0.007	0.000	Speech 0.49; Music 0.42; Duck 0.12; Quack 0.11; Vehicle 0.09
892.0	896.0	0.453	0.636	0.002	0.047	0.035	0.001	0.001	0.000	0.001	0.000	0.013	0.005	0.001	0.001	0.004	0.001	0.003	0.001	0.001	0.000	0.001	0.000	0.005	0.015	0.016	0.003	0.000	Speech 0.64; Music 0.45; Musical instrument 0.05; Vehicle 0.04; Violin, fiddle 0.03
896.0	900.0	0.520	0.601	0.001	0.011	0.082	0.001	0.001	0.000	0.001	0.000	0.025	0.004	0.002	0.002	0.002	0.001	0.002	0.001	0.001	0.001	0.001	0.000	0.003	0.006	0.039	0.003	0.000	Speech 0.60; Music 0.52; Vehicle 0.08; Outside, urban or manmade 0.04; Animal 0.03
900.0	904.0	0.676	0.023	0.004	0.137	0.004	0.000	0.000	0.000	0.000	0.000	0.001	0.000	0.000	0.000	0.000	0.000	0.000	0.000	0.000	0.000	0.001	0.000	0.004	0.000	0.002	0.001	0.000	Music 0.68; Violin, fiddle 0.18; Musical instrument 0.14; Flamenco 0.03; Bowed string instrument 0.03
904.0	908.0	0.620	0.065	0.005	0.059	0.004	0.000	0.000	0.000	0.000	0.000	0.001	0.000	0.000	0.000	0.000	0.000	0.001	0.000	0.000	0.001	0.001	0.000	0.007	0.000	0.002	0.003	0.000	Music 0.62; Speech 0.06; Musical instrument 0.06; Guitar 0.06; Flamenco 0.05
908.0	912.0	0.647	0.033	0.002	0.095	0.006	0.000	0.000	0.000	0.000	0.000	0.002	0.001	0.000	0.000	0.000	0.000	0.001	0.000	0.000	0.000	0.000	0.000	0.003	0.001	0.002	0.002	0.000	Music 0.65; Musical instrument 0.09; Violin, fiddle 0.07; Flamenco 0.04; Guitar 0.03
912.0	916.0	0.423	0.510	0.002	0.090	0.035	0.004	0.002	0.001	0.001	0.000	0.005	0.004	0.000	0.002	0.002	0.000	0.001	0.002	0.002	0.001	0.001	0.000	0.008	0.003	0.010	0.002	0.000	Speech 0.51; Music 0.42; Musical instrument 0.09; Guitar 0.07; Plucked string instrument 0.05
916.0	920.0	0.114	0.632	0.001	0.002	0.032	0.003	0.001	0.000	0.001	0.000	0.005	0.005	0.000	0.009	0.003	0.001	0.002	0.001	0.002	0.001	0.001	0.000	0.009	0.014	0.015	0.010	0.000	Speech 0.63; Music 0.11; Animal 0.05; Vehicle 0.03; Buzz 0.02
920.0	924.0	0.061	0.547	0.001	0.002	0.036	0.003	0.001	0.000	0.002	0.001	0.007	0.006	0.000	0.002	0.007	0.004	0.003	0.000	0.001	0.001	0.001	0.000	0.014	0.019	0.018	0.015	0.000	Speech 0.55; Music 0.06; Animal 0.05; Buzz 0.04; Vehicle 0.04
924.0	928.0	0.084	0.539	0.000	0.002	0.021	0.003	0.001	0.001	0.000	0.000	0.004	0.003	0.000	0.001	0.001	0.001	0.001	0.000	0.001	0.001	0.016	0.005	0.023	0.010	0.005	0.003	0.000	Speech 0.54; Music 0.08; Door 0.03; Inside, small room 0.02; Conversation 0.02
928.0	932.0	0.027	0.622	0.000	0.001	0.038	0.002	0.001	0.000	0.000	0.000	0.009	0.002	0.000	0.004	0.002	0.000	0.002	0.002	0.003	0.001	0.001	0.000	0.010	0.005	0.015	0.019	0.000	Speech 0.62; Boiling 0.12; Liquid 0.07; Water 0.05; Vehicle 0.04
932.0	936.0	0.022	0.622	0.000	0.001	0.005	0.000	0.000	0.000	0.000	0.000	0.003	0.000	0.000	0.001	0.004	0.001	0.001	0.000	0.000	0.001	0.002	0.002	0.005	0.006	0.008	0.069	0.000	Speech 0.62; Squawk 0.17; Bird 0.07; Oink 0.05; Animal 0.04
936.0	940.0	0.024	0.620	0.000	0.001	0.088	0.002	0.001	0.000	0.000	0.000	0.027	0.005	0.001	0.001	0.002	0.001	0.007	0.001	0.001	0.000	0.001	0.000	0.006	0.006	0.021	0.012	0.000	Speech 0.62; Vehicle 0.09; Animal 0.04; Car 0.03; Music 0.02
940.0	944.0	0.159	0.653	0.000	0.002	0.020	0.001	0.000	0.000	0.000	0.000	0.005	0.001	0.000	0.001	0.002	0.000	0.001	0.001	0.001	0.000	0.001	0.000	0.009	0.002	0.008	0.011	0.000	Speech 0.65; Music 0.16; Water 0.08; Liquid 0.08; Fill (with liquid) 0.06
944.0	948.0	0.151	0.609	0.000	0.001	0.043	0.001	0.000	0.000	0.000	0.000	0.011	0.001	0.000	0.001	0.002	0.000	0.003	0.000	0.001	0.000	0.002	0.001	0.005	0.006	0.011	0.004	0.000	Speech 0.61; Music 0.15; Slam 0.11; Slap, smack 0.06; Vehicle 0.04
948.0	952.0	0.563	0.418	0.002	0.375	0.004	0.000	0.000	0.000	0.000	0.000	0.002	0.001	0.000	0.000	0.001	0.000	0.000	0.000	0.000	0.002	0.000	0.000	0.006	0.002	0.006	0.001	0.000	Music 0.56; Speech 0.42; Musical instrument 0.37; Guitar 0.22; Plucked string instrument 0.20
952.0	956.0	0.766	0.023	0.001	0.299	0.001	0.000	0.000	0.000	0.000	0.000	0.000	0.000	0.000	0.000	0.000	0.000	0.000	0.000	0.000	0.000	0.000	0.000	0.002	0.000	0.001	0.001	0.000	Music 0.77; Violin, fiddle 0.30; Musical instrument 0.30; Bowed string instrument 0.12; Pizzicato 0.07
956.0	960.0	0.802	0.019	0.002	0.077	0.004	0.000	0.000	0.000	0.000	0.000	0.001	0.000	0.000	0.000	0.000	0.000	0.000	0.000	0.000	0.000	0.001	0.000	0.003	0.000	0.002	0.001	0.000	Music 0.80; Musical instrument 0.08; Violin, fiddle 0.07; Ringtone 0.03; Pizzicato 0.02
960.0	964.0	0.572	0.519	0.001	0.062	0.023	0.001	0.000	0.000	0.000	0.000	0.006	0.002	0.001	0.001	0.004	0.001	0.002	0.000	0.001	0.001	0.003	0.000	0.003	0.006	0.018	0.001	0.000	Music 0.57; Speech 0.52; Violin, fiddle 0.07; Musical instrument 0.06; Vehicle 0.02
964.0	968.0	0.516	0.667	0.002	0.020	0.102	0.022	0.012	0.005	0.002	0.001	0.021	0.011	0.003	0.001	0.003	0.000	0.002	0.001	0.001	0.000	0.001	0.000	0.004	0.014	0.019	0.003	0.002	Speech 0.67; Music 0.52; Vehicle 0.10; Television 0.04; Tick-tock 0.03
968.0	972.0	0.534	0.585	0.003	0.060	0.010	0.000	0.000	0.000	0.000	0.000	0.003	0.002	0.000	0.000	0.003	0.001	0.001	0.000	0.000	0.002	0.001	0.000	0.004	0.006	0.013	0.001	0.000	Speech 0.58; Music 0.53; Musical instrument 0.06; Violin, fiddle 0.06; Flamenco 0.03
972.0	976.0	0.881	0.821	0.000	0.014	0.008	0.000	0.000	0.000	0.000	0.000	0.002	0.001	0.000	0.000	0.001	0.000	0.001	0.000	0.000	0.002	0.002	0.001	0.003	0.002	0.003	0.000	0.000	Music 0.88; Speech 0.82; Television 0.39; Spray 0.02; Soundtrack music 0.02
976.0	980.0	0.566	0.570	0.001	0.003	0.017	0.001	0.000	0.000	0.000	0.000	0.008	0.001	0.000	0.000	0.002	0.000	0.000	0.000	0.000	0.002	0.050	0.034	0.011	0.004	0.002	0.001	0.000	Speech 0.57; Music 0.57; Bang 0.10; Dishes, pots, and pans 0.05; Television 0.05
980.0	984.0	0.402	0.482	0.001	0.003	0.008	0.000	0.000	0.000	0.000	0.000	0.002	0.000	0.000	0.000	0.004	0.001	0.001	0.000	0.000	0.001	0.092	0.065	0.013	0.004	0.003	0.001	0.000	Speech 0.48; Music 0.40; Dishes, pots, and pans 0.09; Chink, clink 0.08; Cutlery, silverware 0.07
984.0	988.0	0.492	0.544	0.001	0.002	0.006	0.000	0.000	0.000	0.000	0.000	0.001	0.000	0.000	0.000	0.001	0.000	0.000	0.000	0.000	0.000	0.143	0.053	0.012	0.003	0.002	0.001	0.000	Speech 0.54; Music 0.49; Dishes, pots, and pans 0.14; Chink, clink 0.13; Cutlery, silverware 0.05
988.0	992.0	0.530	0.511	0.005	0.003	0.003	0.000	0.000	0.000	0.000	0.000	0.001	0.000	0.000	0.000	0.002	0.001	0.001	0.000	0.000	0.001	0.004	0.001	0.007	0.008	0.003	0.001	0.000	Music 0.53; Speech 0.51; Slap, smack 0.07; Slam 0.03; Inside, large room or hall 0.02
992.0	996.0	0.329	0.540	0.004	0.004	0.006	0.000	0.000	0.000	0.000	0.000	0.002	0.001	0.000	0.000	0.007	0.006	0.001	0.000	0.000	0.007	0.003	0.001	0.013	0.016	0.002	0.002	0.000	Speech 0.54; Music 0.33; Chuckle, chortle 0.04; Inside, large room or hall 0.02; Snicker 0.02
996.0	1000.0	0.296	0.486	0.000	0.003	0.004	0.000	0.000	0.000	0.000	0.000	0.001	0.000	0.000	0.000	0.001	0.001	0.001	0.000	0.000	0.006	0.008	0.005	0.029	0.008	0.001	0.003	0.000	Speech 0.49; Music 0.30; Female speech, woman speaking 0.04; Cash register 0.03; Inside, small room 0.03
1000.0	1004.0	0.496	0.601	0.001	0.002	0.008	0.001	0.001	0.000	0.000	0.000	0.003	0.002	0.000	0.000	0.006	0.001	0.001	0.000	0.000	0.003	0.001	0.001	0.010	0.007	0.004	0.002	0.002	Speech 0.60; Music 0.50; Male speech, man speaking 0.02; Squeak 0.02; Coin (dropping) 0.01
1004.0	1008.0	0.476	0.430	0.002	0.003	0.006	0.000	0.000	0.000	0.000	0.000	0.002	0.000	0.000	0.000	0.002	0.000	0.001	0.000	0.000	0.001	0.001	0.000	0.010	0.003	0.003	0.001	0.000	Music 0.48; Speech 0.43; Animal 0.10; Dog 0.08; Domestic animals, pets 0.07
1008.0	1012.0	0.651	0.107	0.003	0.080	0.004	0.000	0.000	0.000	0.000	0.000	0.001	0.001	0.000	0.000	0.000	0.000	0.000	0.000	0.000	0.000	0.001	0.000	0.008	0.001	0.003	0.002	0.000	Music 0.65; Speech 0.11; Musical instrument 0.08; Violin, fiddle 0.03; Guitar 0.02
1012.0	1016.0	0.626	0.016	0.003	0.117	0.003	0.000	0.000	0.000	0.000	0.000	0.001	0.000	0.000	0.000	0.000	0.000	0.000	0.000	0.000	0.000	0.000	0.000	0.004	0.000	0.002	0.001	0.000	Music 0.63; Musical instrument 0.12; Flamenco 0.10; Guitar 0.08; Plucked string instrument 0.07
1016.0	1020.0	0.535	0.182	0.008	0.142	0.002	0.000	0.000	0.000	0.000	0.000	0.001	0.000	0.000	0.000	0.001	0.000	0.000	0.000	0.000	0.002	0.000	0.000	0.005	0.001	0.002	0.001	0.000	Music 0.53; Speech 0.18; Musical instrument 0.14; Violin, fiddle 0.10; Guitar 0.03
1020.0	1024.0	0.572	0.662	0.003	0.004	0.010	0.000	0.000	0.000	0.000	0.000	0.005	0.001	0.000	0.000	0.002	0.001	0.002	0.000	0.000	0.001	0.002	0.001	0.010	0.005	0.005	0.003	0.000	Speech 0.66; Music 0.57; Television 0.02; Slap, smack 0.02; Animal 0.02
1024.0	1028.0	0.622	0.688	0.001	0.002	0.005	0.000	0.000	0.000	0.000	0.000	0.002	0.000	0.000	0.000	0.001	0.000	0.001	0.000	0.000	0.001	0.001	0.000	0.009	0.002	0.001	0.002	0.000	Speech 0.69; Music 0.62; Television 0.03; Zipper (clothing) 0.03; Animal 0.02
1028.0	1032.0	0.659	0.705	0.003	0.002	0.004	0.000	0.000	0.000	0.000	0.000	0.001	0.000	0.000	0.000	0.001	0.000	0.001	0.000	0.000	0.002	0.004	0.001	0.010	0.006	0.002	0.001	0.000	Speech 0.70; Music 0.66; Television 0.06; Female speech, woman speaking 0.04; Slap, smack 0.03
1032.0	1036.0	0.653	0.679	0.003	0.003	0.006	0.000	0.000	0.000	0.000	0.000	0.002	0.001	0.000	0.000	0.003	0.001	0.001	0.000	0.000	0.003	0.001	0.000	0.008	0.004	0.004	0.001	0.000	Speech 0.68; Music 0.65; Television 0.05; Female speech, woman speaking 0.03; Animal 0.03
1036.0	1040.0	0.555	0.658	0.001	0.002	0.003	0.000	0.000	0.000	0.000	0.000	0.001	0.000	0.000	0.000	0.001	0.000	0.001	0.000	0.000	0.001	0.036	0.012	0.010	0.002	0.002	0.001	0.001	Speech 0.66; Music 0.56; Chink, clink 0.10; Dishes, pots, and pans 0.04; Ping 0.03
1040.0	1044.0	0.541	0.667	0.001	0.004	0.027	0.001	0.000	0.000	0.000	0.000	0.006	0.003	0.000	0.000	0.001	0.000	0.001	0.000	0.000	0.002	0.002	0.001	0.006	0.002	0.005	0.005	0.001	Speech 0.67; Music 0.54; Vehicle 0.03; Electronic music 0.02; Chink, clink 0.02
1044.0	1048.0	0.509	0.544	0.003	0.012	0.009	0.001	0.001	0.000	0.000	0.000	0.004	0.001	0.000	0.000	0.002	0.000	0.002	0.000	0.000	0.002	0.003	0.001	0.020	0.002	0.003	0.003	0.000	Speech 0.54; Music 0.51; Shuffle 0.04; Electronic music 0.04; Techno 0.03
1048.0	1052.0	0.559	0.651	0.001	0.002	0.005	0.000	0.000	0.000	0.000	0.000	0.003	0.000	0.000	0.000	0.000	0.000	0.001	0.000	0.000	0.000	0.001	0.000	0.006	0.002	0.002	0.001	0.000	Speech 0.65; Music 0.56; Slam 0.47; Door 0.20; Sliding door 0.05
1052.0	1056.0	0.500	0.378	0.005	0.003	0.002	0.000	0.000	0.000	0.000	0.000	0.001	0.000	0.000	0.000	0.002	0.000	0.001	0.000	0.000	0.005	0.000	0.000	0.010	0.001	0.002	0.000	0.000	Music 0.50; Speech 0.38; Gasp 0.07; Throat clearing 0.06; Shuffle 0.02
1056.0	1060.0	0.524	0.293	0.005	0.003	0.013	0.001	0.000	0.000	0.000	0.000	0.006	0.000	0.000	0.000	0.004	0.000	0.001	0.000	0.000	0.009	0.000	0.000	0.006	0.003	0.004	0.007	0.000	Music 0.52; Speech 0.29; Shuffle 0.08; Animal 0.06; Techno 0.03
1060.0	1064.0	0.727	0.822	0.001	0.003	0.004	0.000	0.000	0.000	0.000	0.000	0.002	0.000	0.000	0.000	0.001	0.000	0.001	0.000	0.000	0.002	0.003	0.001	0.011	0.002	0.001	0.001	0.000	Speech 0.82; Music 0.73; Gasp 0.18; Throat clearing 0.06; Television 0.04
1064.0	1068.0	0.590	0.661	0.001	0.003	0.004	0.000	0.000	0.000	0.000	0.000	0.001	0.000	0.000	0.000	0.003	0.000	0.001	0.000	0.000	0.003	0.021	0.011	0.005	0.003	0.001	0.001	0.000	Speech 0.66; Music 0.59; Ping 0.06; Slap, smack 0.03; Electronic music 0.03
1068.0	1072.0	0.498	0.427	0.001	0.005	0.004	0.000	0.000	0.000	0.000	0.000	0.001	0.000	0.000	0.000	0.001	0.000	0.001	0.000	0.000	0.000	0.010	0.005	0.003	0.002	0.002	0.000	0.001	Music 0.50; Speech 0.43; Bang 0.04; Breaking 0.03; Hammer 0.03
1072.0	1076.0	0.543	0.558	0.002	0.003	0.004	0.001	0.000	0.000	0.000	0.000	0.001	0.000	0.000	0.000	0.001	0.000	0.001	0.000	0.000	0.001	0.031	0.018	0.008	0.003	0.001	0.001	0.001	Speech 0.56; Music 0.54; Chink, clink 0.08; Television 0.03; Dishes, pots, and pans 0.03
1076.0	1080.0	0.550	0.029	0.001	0.012	0.003	0.000	0.000	0.000	0.000	0.000	0.001	0.000	0.000	0.000	0.000	0.000	0.001	0.000	0.000	0.000	0.003	0.002	0.006	0.000	0.001	0.002	0.004	Music 0.55; Television 0.03; Ringtone 0.03; Speech 0.03; Electronic music 0.02
1080.0	1084.0	0.539	0.033	0.001	0.009	0.003	0.000	0.000	0.000	0.000	0.000	0.001	0.000	0.000	0.000	0.000	0.000	0.001	0.000	0.000	0.001	0.016	0.008	0.009	0.001	0.002	0.002	0.002	Music 0.54; Television 0.04; Speech 0.03; Electronic music 0.03; Video game music 0.03
1084.0	1088.0	0.805	0.854	0.000	0.004	0.166	0.001	0.000	0.000	0.001	0.000	0.057	0.016	0.002	0.001	0.005	0.001	0.003	0.000	0.000	0.002	0.001	0.000	0.002	0.013	0.036	0.001	0.001	Speech 0.85; Music 0.80; Vehicle 0.17; Television 0.07; Car 0.06
1088.0	1092.0	0.024	0.845	0.002	0.001	0.186	0.007	0.002	0.001	0.001	0.001	0.056	0.009	0.002	0.020	0.004	0.000	0.004	0.005	0.005	0.001	0.000	0.000	0.003	0.011	0.049	0.005	0.001	Speech 0.85; Vehicle 0.19; Car 0.06; Outside, urban or manmade 0.05; Male speech, man speaking 0.03
1092.0	1096.0	0.212	0.638	0.001	0.004	0.086	0.000	0.000	0.000	0.001	0.001	0.055	0.006	0.001	0.002	0.014	0.001	0.003	0.000	0.001	0.001	0.000	0.000	0.004	0.015	0.043	0.003	0.000	Speech 0.64; Music 0.21; Vehicle 0.09; Car 0.05; Outside, urban or manmade 0.04
1096.0	1100.0	0.059	0.825	0.000	0.002	0.325	0.002	0.000	0.000	0.004	0.004	0.158	0.019	0.003	0.029	0.001	0.000	0.001	0.002	0.002	0.000	0.000	0.000	0.001	0.004	0.030	0.003	0.000	Speech 0.83; Vehicle 0.32; Car 0.16; Music 0.06; Motorboat, speedboat 0.06
1100.0	1104.0	0.294	0.764	0.001	0.005	0.123	0.002	0.001	0.000	0.000	0.000	0.052	0.004	0.001	0.003	0.007	0.000	0.005	0.001	0.001	0.001	0.000	0.000	0.003	0.010	0.026	0.003	0.000	Speech 0.76; Music 0.29; Vehicle 0.12; Car 0.05; Outside, urban or manmade 0.03
1104.0	1108.0	0.079	0.737	0.000	0.001	0.182	0.006	0.002	0.001	0.008	0.006	0.103	0.006	0.002	0.004	0.003	0.000	0.002	0.001	0.001	0.001	0.000	0.000	0.002	0.006	0.026	0.003	0.000	Speech 0.74; Vehicle 0.18; Car 0.10; Music 0.08; Car passing by 0.06
1108.0	1112.0	0.333	0.681	0.001	0.005	0.053	0.001	0.000	0.000	0.000	0.000	0.018	0.004	0.001	0.005	0.006	0.001	0.004	0.001	0.001	0.001	0.001	0.001	0.005	0.013	0.019	0.007	0.001	Speech 0.68; Music 0.33; Vehicle 0.05; Animal 0.04; Television 0.02
1112.0	1116.0	0.031	0.639	0.000	0.001	0.062	0.001	0.001	0.000	0.000	0.000	0.009	0.004	0.000	0.013	0.002	0.001	0.006	0.003	0.002	0.001	0.000	0.000	0.002	0.004	0.040	0.004	0.000	Speech 0.64; Slam 0.13; Vehicle 0.06; Outside, urban or manmade 0.04; Door 0.04
1116.0	1120.0	0.045	0.666	0.005	0.003	0.348	0.002	0.001	0.000	0.001	0.001	0.186	0.054	0.013	0.005	0.001	0.000	0.002	0.003	0.002	0.000	0.001	0.000	0.006	0.002	0.029	0.005	0.000	Speech 0.67; Vehicle 0.35; Car 0.19; Bus 0.05; Car passing by 0.05
1120.0	1124.0	0.020	0.671	0.000	0.001	0.275	0.006	0.003	0.001	0.006	0.004	0.084	0.036	0.007	0.008	0.000	0.000	0.002	0.004	0.004	0.001	0.000	0.000	0.009	0.002	0.018	0.004	0.000	Speech 0.67; Vehicle 0.27; Car 0.08; Truck 0.05; Boat, Water vehicle 0.04
1124.0	1128.0	0.004	0.775	0.000	0.001	0.371	0.003	0.001	0.000	0.001	0.001	0.148	0.037	0.021	0.007	0.001	0.000	0.005	0.004	0.004	0.000	0.001	0.000	0.003	0.001	0.033	0.010	0.000	Speech 0.78; Vehicle 0.37; Car 0.15; Motor vehicle (road) 0.05; Truck 0.05
1128.0	1132.0	0.013	0.731	0.000	0.001	0.321	0.005	0.002	0.001	0.004	0.003	0.118	0.038	0.010	0.012	0.000	0.000	0.002	0.008	0.007	0.000	0.000	0.000	0.005	0.001	0.021	0.011	0.000	Speech 0.73; Vehicle 0.32; Car 0.12; Boat, Water vehicle 0.07; Motorboat, speedboat 0.05
1132.0	1136.0	0.011	0.801	0.000	0.001	0.212	0.003	0.001	0.000	0.001	0.001	0.070	0.029	0.005	0.003	0.001	0.000	0.003	0.001	0.001	0.000	0.001	0.001	0.009	0.003	0.026	0.005	0.000	Speech 0.80; Vehicle 0.21; Car 0.07; Bus 0.03; Outside, urban or manmade 0.03
1136.0	1140.0	0.023	0.660	0.000	0.001	0.212	0.004	0.002	0.000	0.002	0.001	0.045	0.035	0.008	0.005	0.005	0.001	0.009	0.002	0.003	0.001	0.001	0.001	0.004	0.012	0.050	0.007	0.000	Speech 0.66; Vehicle 0.21; Outside, urban or manmade 0.05; Car 0.05; Bus 0.04
1140.0	1144.0	0.008	0.800	0.000	0.001	0.133	0.002	0.001	0.000	0.001	0.001	0.037	0.048	0.003	0.005	0.003	0.001	0.004	0.002	0.002	0.002	0.001	0.000	0.005	0.010	0.028	0.006	0.000	Speech 0.80; Vehicle 0.13; Bus 0.05; Car 0.04; Animal 0.03
1144.0	1148.0	0.012	0.672	0.000	0.001	0.164	0.003	0.001	0.000	0.004	0.002	0.050	0.024	0.002	0.017	0.004	0.000	0.002	0.008	0.009	0.001	0.000	0.000	0.005	0.004	0.041	0.011	0.000	Speech 0.67; Vehicle 0.16; Car 0.05; Rain on surface 0.05; Outside, urban or manmade 0.04
1148.0	1152.0	0.651	0.713	0.000	0.002	0.066	0.000	0.000	0.000	0.000	0.000	0.005	0.002	0.000	0.001	0.001	0.000	0.001	0.001	0.002	0.001	0.002	0.000	0.004	0.003	0.015	0.001	0.001	Speech 0.71; Music 0.65; Television 0.14; Vehicle 0.07; Slap, smack 0.03
1152.0	1156.0	0.601	0.023	0.001	0.010	0.004	0.000	0.000	0.000	0.000	0.000	0.002	0.000	0.000	0.000	0.001	0.000	0.001	0.000	0.000	0.001	0.004	0.002	0.004	0.001	0.002	0.004	0.002	Music 0.60; Electronic music 0.05; Television 0.04; Sound effect 0.03; Speech 0.02
1156.0	1160.0	0.600	0.020	0.000	0.006	0.001	0.000	0.000	0.000	0.000	0.000	0.000	0.000	0.000	0.000	0.000	0.000	0.000	0.000	0.000	0.000	0.009	0.005	0.002	0.001	0.001	0.001	0.002	Music 0.60; Clang 0.05; Chink, clink 0.04; Electronic music 0.03; Ding 0.03
1160.0	1164.0	0.604	0.028	0.004	0.011	0.002	0.000	0.000	0.000	0.000	0.000	0.001	0.000	0.000	0.000	0.001	0.000	0.000	0.000	0.000	0.000	0.005	0.003	0.003	0.001	0.002	0.001	0.003	Music 0.60; Electronic music 0.04; Speech 0.03; Video game music 0.02; Television 0.02
1164.0	1168.0	0.583	0.656	0.001	0.005	0.045	0.002	0.001	0.000	0.001	0.000	0.007	0.003	0.001	0.002	0.004	0.002	0.001	0.002	0.003	0.001	0.002	0.001	0.004	0.016	0.019	0.002	0.001	Speech 0.66; Music 0.58; Television 0.06; Vehicle 0.04; Single-lens reflex camera 0.02
1168.0	1172.0	0.102	0.560	0.002	0.004	0.030	0.001	0.000	0.000	0.000	0.000	0.006	0.002	0.000	0.001	0.020	0.007	0.004	0.000	0.000	0.002	0.001	0.001	0.006	0.045	0.028	0.007	0.001	Speech 0.56; Music 0.10; Inside, public space 0.05; Animal 0.04; Vehicle 0.03
1172.0	1176.0	0.019	0.742	0.000	0.001	0.042	0.001	0.000	0.000	0.001	0.000	0.007	0.005	0.000	0.002	0.010	0.013	0.004	0.001	0.001	0.002	0.001	0.000	0.003	0.041	0.029	0.005	0.000	Speech 0.74; Male speech, man speaking 0.05; Vehicle 0.04; Inside, public space 0.04; Outside, urban or manmade 0.03
1176.0	1180.0	0.012	0.751	0.000	0.000	0.026	0.001	0.000	0.000	0.000	0.000	0.005	0.001	0.000	0.001	0.010	0.013	0.006	0.000	0.000	0.001	0.005	0.001	0.002	0.044	0.024	0.002	0.000	Speech 0.75; Inside, public space 0.04; Slap, smack 0.03; Vehicle 0.03; Chopping (food) 0.03
1180.0	1184.0	0.068	0.587	0.002	0.002	0.010	0.001	0.000	0.000	0.000	0.000	0.002	0.001	0.000	0.001	0.009	0.015	0.005	0.000	0.000	0.002	0.006	0.001	0.010	0.046	0.015	0.003	0.000	Speech 0.59; Music 0.07; Inside, public space 0.05; Animal 0.03; Slap, smack 0.03
1184.0	1188.0	0.015	0.806	0.001	0.001	0.014	0.001	0.000	0.000	0.000	0.000	0.003	0.002	0.000	0.001	0.009	0.017	0.003	0.000	0.000	0.005	0.001	0.000	0.004	0.039	0.017	0.003	0.000	Speech 0.81; Male speech, man speaking 0.06; Inside, public space 0.04; Animal 0.03; Inside, large room or hall 0.03
1188.0	1192.0	0.022	0.634	0.001	0.002	0.055	0.010	0.003	0.002	0.001	0.001	0.009	0.013	0.001	0.002	0.017	0.023	0.004	0.001	0.001	0.002	0.001	0.000	0.005	0.046	0.047	0.007	0.000	Speech 0.63; Vehicle 0.06; Outside, urban or manmade 0.05; Inside, public space 0.05; Animal 0.04
1192.0	1196.0	0.025	0.659	0.001	0.001	0.022	0.001	0.000	0.000	0.000	0.000	0.003	0.003	0.000	0.001	0.015	0.014	0.006	0.000	0.000	0.002	0.004	0.002	0.005	0.060	0.027	0.008	0.000	Speech 0.66; Inside, public space 0.06; Animal 0.04; Outside, urban or manmade 0.03; Clip-clop 0.03
1196.0	1200.0	0.052	0.555	0.001	0.002	0.017	0.001	0.000	0.000	0.000	0.000	0.002	0.001	0.000	0.001	0.012	0.015	0.004	0.000	0.000	0.001	0.113	0.039	0.006	0.053	0.029	0.002	0.000	Speech 0.55; Dishes, pots, and pans 0.11; Chink, clink 0.11; Inside, public space 0.05; Music 0.05
1200.0	1204.0	0.033	0.598	0.000	0.001	0.049	0.003	0.001	0.000	0.000	0.000	0.009	0.009	0.001	0.001	0.007	0.007	0.003	0.001	0.001	0.003	0.001	0.000	0.004	0.024	0.030	0.007	0.001	Speech 0.60; Vehicle 0.05; Animal 0.04; Music 0.03; Outside, urban or manmade 0.03
1204.0	1208.0	0.611	0.541	0.001	0.003	0.023	0.001	0.001	0.000	0.000	0.000	0.003	0.001	0.000	0.001	0.004	0.001	0.001	0.000	0.001	0.001	0.000	0.000	0.003	0.018	0.017	0.001	0.000	Music 0.61; Speech 0.54; Slap, smack 0.14; Vehicle 0.02; Gunshot, gunfire 0.02
1208.0	1212.0	0.594	0.029	0.001	0.007	0.001	0.000	0.000	0.000	0.000	0.000	0.001	0.000	0.000	0.000	0.001	0.000	0.000	0.000	0.000	0.000	0.002	0.001	0.003	0.001	0.001	0.001	0.001	Music 0.59; Electronic music 0.04; Speech 0.03; Video game music 0.02; Smash, crash 0.02
1212.0	1216.0	0.617	0.649	0.000	0.002	0.031	0.001	0.000	0.000	0.000	0.000	0.005	0.002	0.000	0.001	0.003	0.001	0.001	0.000	0.001	0.002	0.002	0.000	0.002	0.007	0.031	0.001	0.001	Speech 0.65; Music 0.62; Television 0.13; Spray 0.08; Outside, urban or manmade 0.03
1216.0	1220.0	0.045	0.666	0.000	0.001	0.063	0.002	0.001	0.000	0.001	0.000	0.016	0.005	0.001	0.003	0.006	0.003	0.002	0.001	0.002	0.002	0.000	0.000	0.003	0.006	0.017	0.014	0.000	Speech 0.67; Vehicle 0.06; Animal 0.06; Music 0.04; Beep, bleep 0.04
1220.0	1224.0	0.073	0.633	0.000	0.002	0.024	0.001	0.000	0.000	0.000	0.000	0.011	0.001	0.000	0.001	0.018	0.003	0.004	0.000	0.000	0.001	0.001	0.000	0.003	0.020	0.021	0.019	0.000	Speech 0.63; Owl 0.11; Music 0.07; Animal 0.04; Neigh, whinny 0.03
1224.0	1228.0	0.042	0.715	0.000	0.001	0.133	0.003	0.002	0.000	0.000	0.000	0.021	0.013	0.002	0.011	0.002	0.000	0.002	0.014	0.014	0.001	0.000	0.000	0.004	0.002	0.015	0.004	0.000	Speech 0.71; Vehicle 0.13; Slosh 0.04; Music 0.04; Explosion 0.03
1228.0	1232.0	0.045	0.524	0.000	0.001	0.037	0.003	0.001	0.000	0.001	0.001	0.006	0.007	0.001	0.013	0.001	0.000	0.001	0.017	0.016	0.001	0.000	0.000	0.006	0.001	0.023	0.088	0.000	Speech 0.52; Animal 0.09; Bird 0.09; Duck 0.07; Quack 0.06
1232.0	1236.0	0.509	0.602	0.001	0.002	0.052	0.001	0.000	0.000	0.000	0.000	0.007	0.008	0.001	0.019	0.001	0.000	0.001	0.049	0.079	0.001	0.000	0.000	0.002	0.002	0.021	0.001	0.001	Speech 0.60; Music 0.51; Slosh 0.08; Ocean 0.08; Vehicle 0.05
1236.0	1240.0	0.527	0.044	0.004	0.009	0.209	0.054	0.025	0.006	0.001	0.001	0.036	0.027	0.003	0.002	0.002	0.000	0.000	0.001	0.001	0.000	0.001	0.000	0.002	0.003	0.014	0.001	0.001	Music 0.53; Vehicle 0.21; Train 0.05; Speech 0.04; Car 0.04
1240.0	1244.0	0.490	0.062	0.018	0.008	0.041	0.006	0.003	0.000	0.000	0.000	0.011	0.003	0.000	0.001	0.007	0.000	0.001	0.000	0.001	0.000	0.001	0.001	0.003	0.004	0.006	0.000	0.001	Music 0.49; Speech 0.06; Vehicle 0.04; Electronic music 0.04; Breaking 0.02
1244.0	1248.0	0.482	0.344	0.010	0.017	0.109	0.004	0.002	0.001	0.001	0.001	0.021	0.009	0.001	0.002	0.002	0.000	0.000	0.001	0.002	0.000	0.007	0.002	0.003	0.004	0.014	0.000	0.001	Music 0.48; Speech 0.34; Vehicle 0.11; Spray 0.08; Chink, clink 0.05
1248.0	1252.0	0.499	0.422	0.001	0.009	0.024	0.001	0.000	0.000	0.000	0.000	0.003	0.002	0.000	0.000	0.004	0.003	0.001	0.000	0.000	0.001	0.002	0.001	0.003	0.015	0.012	0.004	0.000	Music 0.50; Speech 0.42; Slap, smack 0.04; Mechanisms 0.03; Single-lens reflex camera 0.03
1252.0	1256.0	0.080	0.591	0.001	0.001	0.114	0.002	0.001	0.000	0.001	0.000	0.033	0.020	0.002	0.001	0.013	0.014	0.002	0.000	0.000	0.004	0.001	0.000	0.006	0.024	0.045	0.001	0.000	Speech 0.59; Vehicle 0.11; Music 0.08; Outside, urban or manmade 0.05; Hubbub, speech noise, speech babble 0.03
1256.0	1260.0	0.054	0.581	0.001	0.002	0.040	0.002	0.001	0.000	0.000	0.000	0.006	0.003	0.000	0.003	0.016	0.008	0.009	0.001	0.001	0.001	0.001	0.000	0.008	0.042	0.048	0.007	0.000	Speech 0.58; Animal 0.06; Music 0.05; Outside, urban or manmade 0.05; Inside, public space 0.04
1260.0	1264.0	0.086	0.616	0.001	0.001	0.023	0.001	0.000	0.000	0.000	0.000	0.002	0.002	0.000	0.001	0.009	0.017	0.001	0.000	0.000	0.002	0.002	0.001	0.010	0.024	0.031	0.001	0.000	Speech 0.62; Animal 0.10; Music 0.09; Domestic animals, pets 0.05; Cat 0.05
1264.0	1268.0	0.158	0.639	0.001	0.002	0.022	0.001	0.000	0.000	0.000	0.000	0.005	0.007	0.000	0.001	0.014	0.023	0.002	0.000	0.000	0.004	0.001	0.000	0.005	0.033	0.032	0.006	0.000	Speech 0.64; Music 0.16; Inside, public space 0.03; Throat clearing 0.03; Outside, urban or manmade 0.03
1268.0	1272.0	0.130	0.657	0.001	0.002	0.091	0.002	0.001	0.000	0.001	0.000	0.021	0.018	0.001	0.003	0.012	0.006	0.004	0.001	0.001	0.001	0.001	0.000	0.003	0.023	0.038	0.004	0.000	Speech 0.66; Music 0.13; Vehicle 0.09; Outside, urban or manmade 0.04; Hubbub, speech noise, speech babble 0.03
1272.0	1276.0	0.106	0.583	0.001	0.002	0.041	0.001	0.000	0.000	0.001	0.000	0.012	0.004	0.001	0.001	0.013	0.003	0.007	0.000	0.000	0.001	0.001	0.000	0.003	0.025	0.037	0.015	0.000	Speech 0.58; Music 0.11; Vehicle 0.04; Animal 0.04; Outside, urban or manmade 0.04
1276.0	1280.0	0.046	0.662	0.001	0.002	0.100	0.002	0.001	0.000	0.001	0.000	0.022	0.011	0.001	0.004	0.012	0.003	0.006	0.002	0.002	0.001	0.001	0.000	0.003	0.016	0.066	0.007	0.000	Speech 0.66; Vehicle 0.10; Outside, urban or manmade 0.07; Music 0.05; Animal 0.03
1280.0	1284.0	0.092	0.618	0.001	0.003	0.032	0.001	0.000	0.000	0.000	0.000	0.008	0.003	0.000	0.002	0.014	0.005	0.007	0.001	0.001	0.001	0.001	0.000	0.004	0.024	0.047	0.006	0.000	Speech 0.62; Music 0.09; Outside, urban or manmade 0.05; Run 0.04; Vehicle 0.03
1284.0	1288.0	0.040	0.836	0.000	0.001	0.034	0.001	0.000	0.000	0.000	0.000	0.011	0.004	0.000	0.002	0.010	0.004	0.004	0.000	0.000	0.001	0.001	0.000	0.002	0.022	0.028	0.004	0.000	Speech 0.84; Male speech, man speaking 0.05; Music 0.04; Vehicle 0.03; Outside, urban or manmade 0.03
1288.0	1292.0	0.563	0.727	0.002	0.065	0.012	0.000	0.000	0.000	0.000	0.000	0.002	0.002	0.000	0.000	0.005	0.002	0.001	0.000	0.000	0.001	0.000	0.000	0.002	0.008	0.021	0.001	0.000	Speech 0.73; Music 0.56; Musical instrument 0.07; Plucked string instrument 0.06; Guitar 0.05
1292.0	1296.0	0.618	0.030	0.005	0.225	0.003	0.000	0.000	0.000	0.000	0.000	0.001	0.000	0.000	0.000	0.000	0.000	0.001	0.000	0.000	0.000	0.000	0.000	0.005	0.000	0.002	0.002	0.000	Music 0.62; Musical instrument 0.22; Flamenco 0.18; Guitar 0.17; Plucked string instrument 0.16
1296.0	1300.0	0.641	0.043	0.003	0.107	0.002	0.000	0.000	0.000	0.000	0.000	0.001	0.000	0.000	0.000	0.002	0.000	0.001	0.000	0.000	0.001	0.000	0.000	0.003	0.001	0.002	0.001	0.000	Music 0.64; Flamenco 0.16; Musical instrument 0.11; Plucked string instrument 0.07; Guitar 0.07
1300.0	1304.0	0.079	0.625	0.002	0.010	0.043	0.001	0.000	0.000	0.000	0.000	0.015	0.006	0.001	0.001	0.013	0.002	0.003	0.001	0.001	0.001	0.001	0.001	0.010	0.016	0.047	0.007	0.001	Speech 0.62; Music 0.08; Outside, urban or manmade 0.05; Vehicle 0.04; Animal 0.03
1304.0	1308.0	0.036	0.604	0.000	0.001	0.088	0.002	0.001	0.000	0.001	0.001	0.027	0.014	0.003	0.004	0.006	0.001	0.003	0.003	0.002	0.001	0.001	0.000	0.003	0.008	0.051	0.026	0.000	Speech 0.60; Vehicle 0.09; Animal 0.06; Outside, urban or manmade 0.05; Music 0.04
1308.0	1312.0	0.117	0.607	0.002	0.002	0.022	0.001	0.000	0.000	0.000	0.000	0.009	0.003	0.000	0.001	0.018	0.007	0.002	0.001	0.001	0.003	0.001	0.000	0.004	0.040	0.023	0.003	0.000	Speech 0.61; Music 0.12; Inside, public space 0.04; Hubbub, speech noise, speech babble 0.03; Animal 0.03
1312.0	1316.0	0.017	0.829	0.000	0.000	0.051	0.001	0.000	0.000	0.000	0.000	0.008	0.001	0.000	0.001	0.002	0.001	0.007	0.000	0.000	0.000	0.000	0.000	0.003	0.012	0.031	0.004	0.000	Speech 0.83; Single-lens reflex camera 0.37; Vehicle 0.05; Outside, urban or manmade 0.03; Animal 0.02
1316.0	1320.0	0.022	0.785	0.000	0.001	0.052	0.001	0.000	0.000	0.000	0.000	0.013	0.002	0.001	0.002	0.008	0.001	0.007	0.000	0.001	0.000	0.001	0.000	0.004	0.011	0.031	0.005	0.000	Speech 0.78; Vehicle 0.05; Single-lens reflex camera 0.04; Crackle 0.04; Outside, urban or manmade 0.03
1320.0	1324.0	0.276	0.568	0.000	0.001	0.016	0.001	0.001	0.000	0.001	0.000	0.010	0.001	0.001	0.001	0.005	0.002	0.001	0.001	0.001	0.005	0.000	0.000	0.002	0.008	0.010	0.002	0.000	Speech 0.57; Music 0.28; Snort 0.21; Gasp 0.15; Fowl 0.03
1324.0	1328.0	0.053	0.715	0.000	0.002	0.156	0.003	0.001	0.000	0.003	0.002	0.093	0.011	0.003	0.008	0.001	0.000	0.003	0.003	0.003	0.001	0.001	0.000	0.004	0.004	0.026	0.011	0.000	Speech 0.71; Vehicle 0.16; Car 0.09; Music 0.05; Car passing by 0.03
1328.0	1332.0	0.046	0.811	0.000	0.003	0.348	0.001	0.000	0.000	0.001	0.001	0.265	0.018	0.006	0.001	0.000	0.000	0.001	0.001	0.001	0.001	0.000	0.000	0.002	0.002	0.032	0.002	0.000	Speech 0.81; Vehicle 0.35; Car 0.27; Car passing by 0.20; Motor vehicle (road) 0.09
1332.0	1336.0	0.013	0.797	0.000	0.001	0.272	0.002	0.001	0.000	0.002	0.002	0.195	0.017	0.007	0.002	0.001	0.000	0.001	0.001	0.001	0.000	0.000	0.000	0.001	0.002	0.025	0.003	0.000	Speech 0.80; Vehicle 0.27; Car 0.20; Car passing by 0.18; Motor vehicle (road) 0.06
1336.0	1340.0	0.010	0.920	0.000	0.001	0.225	0.004	0.001	0.000	0.001	0.001	0.086	0.025	0.002	0.005	0.001	0.000	0.003	0.002	0.003	0.000	0.001	0.000	0.002	0.004	0.024	0.005	0.000	Speech 0.92; Vehicle 0.23; Car 0.09; Air conditioning 0.03; Car passing by 0.03
1340.0	1344.0	0.029	0.813	0.000	0.001	0.216	0.006	0.002	0.001	0.002	0.002	0.087	0.037	0.006	0.006	0.001	0.000	0.002	0.002	0.002	0.001	0.000	0.000	0.002	0.005	0.035	0.009	0.000	Speech 0.81; Vehicle 0.22; Car 0.09; Bus 0.04; Outside, urban or manmade 0.04
1344.0	1348.0	0.043	0.739	0.000	0.001	0.077	0.002	0.001	0.000	0.000	0.000	0.016	0.006	0.003	0.003	0.001	0.000	0.001	0.001	0.001	0.000	0.001	0.001	0.003	0.003	0.017	0.006	0.003	Speech 0.74; Vehicle 0.08; Chink, clink 0.05; Music 0.04; Ding 0.03
1348.0	1352.0	0.017	0.795	0.000	0.001	0.262	0.004	0.002	0.000	0.000	0.000	0.067	0.026	0.011	0.001	0.000	0.000	0.001	0.000	0.000	0.003	0.000	0.000	0.002	0.001	0.026	0.003	0.001	Speech 0.79; Vehicle 0.26; Car 0.07; Motor vehicle (road) 0.03; Truck 0.03
1352.0	1356.0	0.092	0.707	0.000	0.001	0.076	0.001	0.001	0.000	0.000	0.000	0.023	0.007	0.001	0.001	0.001	0.000	0.001	0.001	0.001	0.000	0.002	0.002	0.007	0.002	0.015	0.005	0.001	Speech 0.71; Music 0.09; Chink, clink 0.09; Vehicle 0.08; Car 0.02
1356.0	1360.0	0.042	0.811	0.000	0.001	0.304	0.001	0.000	0.000	0.001	0.001	0.154	0.012	0.006	0.002	0.002	0.000	0.002	0.001	0.001	0.001	0.000	0.000	0.002	0.005	0.054	0.005	0.001	Speech 0.81; Vehicle 0.30; Car 0.15; Car passing by 0.09; Motor vehicle (road) 0.06
1360.0	1364.0	0.016	0.817	0.000	0.000	0.119	0.004	0.001	0.000	0.001	0.000	0.025	0.007	0.002	0.003	0.001	0.000	0.003	0.001	0.001	0.001	0.003	0.001	0.003	0.005	0.029	0.011	0.000	Speech 0.82; Vehicle 0.12; Throat clearing 0.07; Animal 0.05; Outside, urban or manmade 0.03
1364.0	1368.0	0.386	0.603	0.001	0.060	0.046	0.001	0.001	0.000	0.000	0.000	0.016	0.001	0.001	0.001	0.001	0.000	0.001	0.000	0.001	0.000	0.001	0.000	0.013	0.001	0.012	0.002	0.000	Speech 0.60; Music 0.39; Plucked string instrument 0.08; Guitar 0.07; Musical instrument 0.06
1368.0	1372.0	0.749	0.019	0.003	0.088	0.001	0.000	0.000	0.000	0.000	0.000	0.000	0.000	0.000	0.000	0.000	0.000	0.001	0.000	0.000	0.000	0.000	0.000	0.003	0.000	0.001	0.001	0.000	Music 0.75; Wood block 0.09; Flamenco 0.09; Musical instrument 0.09; Plucked string instrument 0.06
1372.0	1376.0	0.687	0.021	0.004	0.145	0.003	0.000	0.000	0.000	0.000	0.000	0.001	0.000	0.000	0.000	0.000	0.000	0.001	0.000	0.000	0.000	0.001	0.000	0.004	0.000	0.002	0.001	0.000	Music 0.69; Musical instrument 0.15; Flamenco 0.14; Guitar 0.13; Plucked string instrument 0.12
1376.0	1380.0	0.666	0.270	0.024	0.093	0.001	0.000	0.000	0.000	0.000	0.000	0.000	0.000	0.000	0.000	0.001	0.000	0.001	0.000	0.000	0.001	0.000	0.000	0.004	0.001	0.001	0.000	0.000	Music 0.67; Speech 0.27; Musical instrument 0.09; Flamenco 0.06; Acoustic guitar 0.06
1380.0	1384.0	0.400	0.452	0.010	0.088	0.003	0.000	0.000	0.000	0.000	0.000	0.001	0.000	0.000	0.000	0.005	0.001	0.001	0.000	0.000	0.001	0.001	0.000	0.012	0.004	0.006	0.001	0.000	Speech 0.45; Music 0.40; Musical instrument 0.09; Ukulele 0.09; Plucked string instrument 0.08
1384.0	1388.0	0.464	0.524	0.008	0.084	0.003	0.000	0.000	0.000	0.000	0.000	0.001	0.000	0.000	0.000	0.003	0.001	0.001	0.000	0.000	0.002	0.001	0.000	0.008	0.004	0.004	0.002	0.001	Speech 0.52; Music 0.46; Musical instrument 0.08; Plucked string instrument 0.05; Guitar 0.04
1388.0	1392.0	0.475	0.448	0.002	0.012	0.003	0.000	0.000	0.000	0.000	0.000	0.001	0.000	0.000	0.000	0.001	0.001	0.001	0.000	0.000	0.001	0.047	0.022	0.007	0.005	0.003	0.001	0.001	Music 0.48; Speech 0.45; Chink, clink 0.07; Dishes, pots, and pans 0.05; Cutlery, silverware 0.02
1392.0	1396.0	0.360	0.447	0.003	0.009	0.005	0.000	0.000	0.000	0.000	0.000	0.001	0.000	0.000	0.000	0.001	0.000	0.000	0.000	0.000	0.000	0.007	0.007	0.008	0.001	0.003	0.001	0.002	Speech 0.45; Music 0.36; Coin (dropping) 0.20; Cash register 0.06; Ding 0.03
1396.0	1400.0	0.399	0.432	0.010	0.032	0.010	0.000	0.000	0.000	0.000	0.000	0.004	0.001	0.000	0.000	0.003	0.001	0.001	0.000	0.000	0.003	0.001	0.000	0.005	0.005	0.006	0.002	0.000	Speech 0.43; Music 0.40; Flamenco 0.04; Male speech, man speaking 0.03; Musical instrument 0.03
1400.0	1404.0	0.438	0.464	0.006	0.063	0.005	0.000	0.000	0.000	0.000	0.000	0.002	0.001	0.000	0.000	0.002	0.001	0.000	0.000	0.000	0.003	0.001	0.000	0.006	0.004	0.003	0.000	0.000	Speech 0.46; Music 0.44; Flamenco 0.08; Musical instrument 0.06; Plucked string instrument 0.04
1404.0	1408.0	0.783	0.020	0.002	0.288	0.002	0.000	0.000	0.000	0.000	0.000	0.000	0.000	0.000	0.000	0.000	0.000	0.000	0.000	0.000	0.000	0.001	0.000	0.006	0.000	0.001	0.001	0.000	Music 0.78; Guitar 0.34; Plucked string instrument 0.29; Musical instrument 0.29; Acoustic guitar 0.19
1408.0	1412.0	0.616	0.628	0.000	0.024	0.002	0.000	0.000	0.000	0.000	0.000	0.000	0.000	0.000	0.000	0.000	0.000	0.001	0.000	0.000	0.000	0.001	0.001	0.014	0.000	0.001	0.001	0.001	Speech 0.63; Music 0.62; Television 0.05; Musical instrument 0.02; Male speech, man speaking 0.02
1412.0	1416.0	0.020	0.557	0.001	0.002	0.002	0.000	0.000	0.000	0.000	0.000	0.001	0.000	0.000	0.000	0.001	0.000	0.002	0.000	0.000	0.001	0.001	0.001	0.029	0.001	0.001	0.002	0.000	Speech 0.56; Snort 0.16; Gasp 0.09; Male speech, man speaking 0.04; Inside, small room 0.03
1416.0	1420.0	0.010	0.707	0.000	0.002	0.001	0.000	0.000	0.000	0.000	0.000	0.001	0.000	0.000	0.000	0.000	0.000	0.001	0.000	0.000	0.001	0.003	0.001	0.037	0.000	0.001	0.002	0.000	Speech 0.71; Snort 0.05; Inside, small room 0.04; Zipper (clothing) 0.03; Gasp 0.02
1420.0	1424.0	0.011	0.742	0.000	0.002	0.003	0.000	0.000	0.000	0.000	0.000	0.002	0.000	0.000	0.000	0.000	0.000	0.001	0.000	0.000	0.001	0.001	0.001	0.021	0.001	0.001	0.003	0.000	Speech 0.74; Male speech, man speaking 0.07; Television 0.03; Snort 0.02; Inside, small room 0.02
1424.0	1428.0	0.471	0.464	0.002	0.032	0.001	0.000	0.000	0.000	0.000	0.000	0.001	0.000	0.000	0.000	0.000	0.000	0.000	0.000	0.000	0.000	0.000	0.000	0.011	0.000	0.001	0.001	0.001	Music 0.47; Speech 0.46; Bang 0.11; Piano 0.10; Keyboard (musical) 0.09
1428.0	1432.0	0.480	0.016	0.001	0.048	0.004	0.000	0.000	0.000	0.000	0.000	0.002	0.000	0.000	0.001	0.000	0.000	0.000	0.000	0.000	0.000	0.000	0.000	0.002	0.000	0.001	0.001	0.001	Music 0.48; Harpsichord 0.06; Piano 0.06; Keyboard (musical) 0.06; Musical instrument 0.05
1432.0	1436.0	0.660	0.079	0.000	0.010	0.021	0.001	0.001	0.000	0.001	0.001	0.004	0.001	0.000	0.006	0.000	0.000	0.003	0.005	0.006	0.000	0.000	0.000	0.004	0.000	0.007	0.002	0.001	Music 0.66; Television 0.09; Speech 0.08; Explosion 0.03; Bicycle 0.03
1436.0	1440.0	0.028	0.621	0.000	0.001	0.155	0.001	0.001	0.000	0.004	0.002	0.043	0.014	0.002	0.003	0.003	0.000	0.005	0.001	0.002	0.000	0.002	0.001	0.007	0.006	0.021	0.009	0.000	Speech 0.62; Vehicle 0.15; Car 0.04; Engine 0.04; Boiling 0.03
1440.0	1444.0	0.042	0.603	0.000	0.001	0.200	0.013	0.007	0.002	0.001	0.001	0.061	0.048	0.005	0.002	0.002	0.000	0.002	0.001	0.002	0.001	0.001	0.000	0.004	0.005	0.018	0.016	0.000	Speech 0.60; Vehicle 0.20; Car 0.06; Bus 0.05; Music 0.04
1444.0	1448.0	0.074	0.575	0.001	0.002	0.168	0.001	0.000	0.000	0.000	0.000	0.052	0.026	0.002	0.003	0.007	0.001	0.004	0.001	0.002	0.000	0.001	0.001	0.005	0.008	0.033	0.007	0.000	Speech 0.58; Vehicle 0.17; Music 0.07; Car 0.05; Boat, Water vehicle 0.03
1448.0	1452.0	0.062	0.614	0.001	0.002	0.175	0.001	0.000	0.000	0.001	0.001	0.073	0.024	0.002	0.002	0.005	0.001	0.005	0.001	0.001	0.001	0.001	0.000	0.004	0.005	0.025	0.016	0.000	Speech 0.61; Vehicle 0.18; Car 0.07; Music 0.06; Animal 0.03
1452.0	1456.0	0.044	0.640	0.000	0.002	0.165	0.002	0.001	0.000	0.002	0.001	0.052	0.036	0.001	0.003	0.011	0.003	0.006	0.001	0.002	0.001	0.001	0.000	0.004	0.015	0.045	0.005	0.000	Speech 0.64; Vehicle 0.17; Car 0.05; Outside, urban or manmade 0.05; Music 0.04
1456.0	1460.0	0.102	0.574	0.001	0.002	0.094	0.001	0.000	0.000	0.001	0.000	0.026	0.032	0.001	0.001	0.010	0.006	0.004	0.000	0.000	0.002	0.001	0.000	0.004	0.037	0.038	0.005	0.000	Speech 0.57; Music 0.10; Vehicle 0.09; Outside, urban or manmade 0.04; Inside, public space 0.04
1460.0	1464.0	0.051	0.625	0.000	0.001	0.122	0.007	0.004	0.001	0.001	0.000	0.018	0.054	0.003	0.001	0.008	0.005	0.002	0.000	0.000	0.001	0.002	0.001	0.007	0.018	0.039	0.013	0.000	Speech 0.63; Vehicle 0.12; Bus 0.05; Music 0.05; Outside, urban or manmade 0.04
1464.0	1468.0	0.416	0.180	0.002	0.020	0.056	0.003	0.002	0.001	0.002	0.001	0.011	0.010	0.001	0.003	0.000	0.000	0.001	0.002	0.004	0.000	0.000	0.000	0.004	0.002	0.012	0.003	0.003	Music 0.42; Speech 0.18; Theme music 0.07; Vehicle 0.06; Mechanisms 0.04
1468.0	1472.0	0.620	0.364	0.001	0.004	0.004	0.000	0.000	0.000	0.000	0.000	0.001	0.001	0.000	0.000	0.003	0.001	0.001	0.000	0.000	0.000	0.000	0.000	0.001	0.007	0.005	0.001	0.000	Music 0.62; Speech 0.36; Theme music 0.06; Television 0.04; Sound effect 0.04
1472.0	1476.0	0.578	0.048	0.001	0.015	0.012	0.001	0.000	0.000	0.001	0.001	0.004	0.001	0.000	0.002	0.000	0.000	0.001	0.001	0.002	0.000	0.000	0.000	0.002	0.001	0.003	0.002	0.001	Music 0.58; Explosion 0.26; Theme music 0.10; Television 0.09; Burst, pop 0.08
1476.0	1480.0	0.360	0.502	0.000	0.024	0.067	0.001	0.000	0.000	0.001	0.001	0.031	0.008	0.001	0.001	0.001	0.000	0.001	0.000	0.001	0.000	0.001	0.000	0.004	0.002	0.007	0.007	0.001	Speech 0.50; Music 0.36; Organ 0.10; Vehicle 0.07; Car 0.03
1480.0	1484.0	0.423	0.470	0.001	0.030	0.019	0.001	0.000	0.000	0.000	0.000	0.009	0.003	0.000	0.001	0.001	0.000	0.001	0.000	0.000	0.000	0.001	0.000	0.006	0.003	0.005	0.001	0.004	Speech 0.47; Music 0.42; Organ 0.12; Hammond organ 0.04; Musical instrument 0.03
1484.0	1488.0	0.382	0.454	0.001	0.034	0.040	0.001	0.000	0.000	0.001	0.001	0.017	0.007	0.001	0.003	0.002	0.000	0.001	0.001	0.002	0.000	0.000	0.000	0.003	0.003	0.009	0.008	0.001	Speech 0.45; Music 0.38; Organ 0.17; Hammond organ 0.04; Vehicle 0.04
1488.0	1492.0	0.411	0.507	0.001	0.021	0.056	0.001	0.000	0.000	0.001	0.001	0.036	0.006	0.000	0.001	0.001	0.000	0.000	0.000	0.000	0.000	0.001	0.000	0.005	0.003	0.007	0.001	0.003	Speech 0.51; Music 0.41; Organ 0.09; Vehicle 0.06; Car 0.04
1492.0	1496.0	0.392	0.504	0.000	0.018	0.114	0.004	0.002	0.001	0.002	0.001	0.030	0.012	0.002	0.002	0.001	0.000	0.001	0.001	0.001	0.000	0.001	0.000	0.002	0.003	0.012	0.013	0.003	Speech 0.50; Music 0.39; Vehicle 0.11; Organ 0.04; Ice cream truck, ice cream van 0.03
1496.0	1500.0	0.385	0.538	0.001	0.021	0.144	0.005	0.002	0.001	0.001	0.001	0.062	0.011	0.001	0.002	0.001	0.000	0.001	0.001	0.001	0.000	0.001	0.000	0.004	0.005	0.012	0.003	0.001	Speech 0.54; Music 0.39; Vehicle 0.14; Organ 0.07; Car 0.06
1500.0	1504.0	0.447	0.583	0.001	0.017	0.111	0.001	0.000	0.000	0.001	0.001	0.031	0.009	0.001	0.001	0.002	0.000	0.001	0.000	0.000	0.000	0.001	0.000	0.003	0.005	0.010	0.001	0.002	Speech 0.58; Music 0.45; Ice cream truck, ice cream van 0.14; Vehicle 0.11; Male speech, man speaking 0.03
1504.0	1508.0	0.441	0.463	0.002	0.033	0.047	0.001	0.000	0.000	0.001	0.000	0.019	0.007	0.001	0.002	0.001	0.000	0.001	0.001	0.001	0.000	0.000	0.000	0.003	0.005	0.007	0.002	0.003	Speech 0.46; Music 0.44; Organ 0.09; Vehicle 0.05; Musical instrument 0.03
1508.0	1512.0	0.411	0.496	0.001	0.017	0.038	0.001	0.000	0.000	0.001	0.000	0.017	0.009	0.001	0.001	0.001	0.000	0.001	0.000	0.001	0.001	0.001	0.000	0.005	0.003	0.005	0.006	0.001	Speech 0.50; Music 0.41; Organ 0.07; Vehicle 0.04; Scary music 0.02
1512.0	1516.0	0.404	0.537	0.004	0.028	0.065	0.002	0.001	0.001	0.000	0.000	0.022	0.014	0.001	0.001	0.004	0.000	0.001	0.000	0.000	0.000	0.001	0.000	0.002	0.011	0.009	0.001	0.008	Speech 0.54; Music 0.40; Vehicle 0.07; Organ 0.05; Ice cream truck, ice cream van 0.03
1516.0	1520.0	0.444	0.522	0.001	0.017	0.081	0.002	0.001	0.001	0.001	0.001	0.025	0.011	0.001	0.001	0.002	0.000	0.001	0.000	0.001	0.000	0.001	0.000	0.004	0.005	0.010	0.004	0.001	Speech 0.52; Music 0.44; Vehicle 0.08; Television 0.07; Ice cream truck, ice cream van 0.05
1520.0	1524.0	0.450	0.492	0.001	0.008	0.078	0.001	0.000	0.000	0.001	0.001	0.024	0.007	0.001	0.002	0.001	0.000	0.002	0.000	0.001	0.000	0.000	0.000	0.005	0.002	0.017	0.004	0.001	Speech 0.49; Music 0.45; Theme music 0.10; Vehicle 0.08; Television 0.05
1524.0	1528.0	0.588	0.031	0.001	0.037	0.004	0.000	0.000	0.000	0.000	0.000	0.002	0.000	0.000	0.000	0.000	0.000	0.001	0.000	0.000	0.000	0.000	0.000	0.004	0.000	0.001	0.002	0.001	Music 0.59; Theme music 0.10; Background music 0.06; Television 0.06; Musical instrument 0.04
1528.0	1532.0	0.584	0.023	0.001	0.027	0.004	0.000	0.000	0.000	0.000	0.000	0.002	0.000	0.000	0.000	0.000	0.000	0.001	0.000	0.000	0.000	0.000	0.000	0.002	0.001	0.001	0.002	0.002	Music 0.58; Theme music 0.12; Background music 0.07; Television 0.05; Musical instrument 0.03
1532.0	1536.0	0.473	0.012	0.001	0.005	0.004	0.000	0.000	0.000	0.000	0.000	0.001	0.000	0.000	0.000	0.000	0.000	0.000	0.000	0.000	0.000	0.000	0.000	0.001	0.000	0.001	0.001	0.000	Music 0.47; Explosion 0.09; Bang 0.08; Burst, pop 0.07; Theme music 0.05
1536.0	1540.0	0.610	0.043	0.001	0.011	0.007	0.000	0.000	0.000	0.000	0.000	0.003	0.001	0.000	0.000	0.000	0.000	0.001	0.000	0.000	0.000	0.001	0.000	0.002	0.000	0.002	0.003	0.001	Music 0.61; Theme music 0.15; Video game music 0.05; Speech 0.04; Television 0.04
1540.0	1544.0	0.582	0.036	0.001	0.009	0.010	0.000	0.000	0.000	0.000	0.000	0.004	0.001	0.000	0.000	0.000	0.000	0.001	0.000	0.000	0.000	0.001	0.000	0.003	0.000	0.002	0.003	0.000	Music 0.58; Theme music 0.11; Bang 0.06; Sound effect 0.05; Explosion 0.04
1544.0	1548.0	0.636	0.041	0.001	0.012	0.007	0.000	0.000	0.000	0.000	0.000	0.003	0.001	0.000	0.000	0.000	0.000	0.001	0.000	0.000	0.000	0.001	0.000	0.002	0.000	0.002	0.002	0.001	Music 0.64; Theme music 0.20; Video game music 0.04; Speech 0.04; Television 0.04
1548.0	1552.0	0.780	0.688	0.001	0.003	0.024	0.000	0.000	0.000	0.001	0.000	0.012	0.001	0.000	0.000	0.001	0.000	0.001	0.000	0.000	0.001	0.001	0.000	0.003	0.001	0.003	0.002	0.001	Music 0.78; Speech 0.69; Television 0.41; Bang 0.11; Sound effect 0.05
1552.0	1556.0	0.028	0.653	0.000	0.001	0.053	0.001	0.000	0.000	0.000	0.000	0.017	0.004	0.001	0.001	0.007	0.001	0.007	0.000	0.000	0.001	0.002	0.001	0.008	0.013	0.035	0.007	0.000	Speech 0.65; Vehicle 0.05; Male speech, man speaking 0.04; Outside, urban or manmade 0.03; Music 0.03
1556.0	1560.0	0.020	0.570	0.000	0.001	0.022	0.000	0.000	0.000	0.000	0.000	0.003	0.001	0.000	0.001	0.002	0.001	0.001	0.000	0.000	0.002	0.000	0.000	0.005	0.003	0.015	0.073	0.000	Speech 0.57; Bird 0.07; Animal 0.05; Oink 0.04; Frog 0.04
1560.0	1564.0	0.035	0.550	0.000	0.001	0.018	0.001	0.001	0.000	0.000	0.000	0.003	0.002	0.000	0.000	0.005	0.005	0.001	0.000	0.000	0.001	0.055	0.043	0.010	0.010	0.015	0.002	0.004	Speech 0.55; Dishes, pots, and pans 0.05; Cutlery, silverware 0.04; Coin (dropping) 0.04; Music 0.03
1564.0	1568.0	0.059	0.584	0.000	0.001	0.062	0.001	0.000	0.000	0.000	0.000	0.020	0.003	0.001	0.001	0.007	0.002	0.004	0.001	0.001	0.002	0.003	0.001	0.006	0.010	0.040	0.009	0.000	Speech 0.58; Vehicle 0.06; Music 0.06; Outside, urban or manmade 0.04; Animal 0.03
1568.0	1572.0	0.064	0.589	0.000	0.001	0.147	0.001	0.000	0.000	0.000	0.000	0.041	0.005	0.002	0.001	0.002	0.001	0.003	0.000	0.000	0.001	0.001	0.000	0.007	0.010	0.040	0.002	0.000	Speech 0.59; Vehicle 0.15; Music 0.06; Car 0.04; Outside, urban or manmade 0.04
1572.0	1576.0	0.652	0.015	0.001	0.007	0.003	0.000	0.000	0.000	0.000	0.000	0.002	0.000	0.000	0.000	0.000	0.000	0.001	0.000	0.000	0.000	0.000	0.000	0.002	0.000	0.001	0.001	0.001	Music 0.65; Television 0.18; Theme music 0.10; Bang 0.10; Sound effect 0.06
1576.0	1580.0	0.548	0.049	0.002	0.016	0.014	0.001	0.000	0.000	0.000	0.000	0.005	0.001	0.000	0.001	0.000	0.000	0.001	0.000	0.000	0.000	0.001	0.000	0.004	0.001	0.002	0.004	0.001	Music 0.55; Theme music 0.16; Video game music 0.05; Speech 0.05; Background music 0.03
1580.0	1584.0	0.546	0.038	0.001	0.012	0.013	0.001	0.000	0.000	0.000	0.000	0.003	0.001	0.000	0.000	0.000	0.000	0.001	0.000	0.000	0.000	0.000	0.000	0.002	0.001	0.002	0.003	0.002	Music 0.55; Theme music 0.16; Speech 0.04; Burst, pop 0.03; Video game music 0.03
1584.0	1588.0	0.604	0.096	0.001	0.012	0.003	0.000	0.000	0.000	0.000	0.000	0.001	0.000	0.000	0.000	0.000	0.000	0.001	0.000	0.000	0.001	0.001	0.000	0.005	0.001	0.001	0.002	0.001	Music 0.60; Theme music 0.15; Speech 0.10; Television 0.08; Video game music 0.06
1588.0	1592.0	0.241	0.719	0.001	0.003	0.096	0.003	0.001	0.001	0.001	0.000	0.019	0.010	0.001	0.002	0.005	0.002	0.002	0.000	0.001	0.001	0.001	0.000	0.003	0.022	0.021	0.004	0.002	Speech 0.72; Music 0.24; Vehicle 0.10; Television 0.05; Ice cream truck, ice cream van 0.03
1592.0	1596.0	0.145	0.662	0.001	0.002	0.046	0.007	0.004	0.002	0.000	0.000	0.006	0.014	0.002	0.000	0.003	0.001	0.002	0.000	0.000	0.000	0.001	0.001	0.006	0.029	0.009	0.003	0.001	Speech 0.66; Music 0.15; Vehicle 0.05; Inside, public space 0.03; Female speech, woman speaking 0.03
1596.0	1600.0	0.088	0.665	0.000	0.002	0.048	0.004	0.002	0.001	0.001	0.001	0.009	0.010	0.001	0.002	0.005	0.001	0.002	0.001	0.001	0.001	0.001	0.000	0.007	0.030	0.020	0.004	0.001	Speech 0.66; Music 0.09; Vehicle 0.05; Female speech, woman speaking 0.04; Inside, public space 0.03
1600.0	1604.0	0.138	0.719	0.001	0.003	0.027	0.002	0.001	0.001	0.000	0.000	0.004	0.004	0.000	0.001	0.002	0.003	0.003	0.000	0.000	0.001	0.001	0.000	0.008	0.037	0.015	0.006	0.002	Speech 0.72; Music 0.14; Television 0.06; Female speech, woman speaking 0.04; Inside, public space 0.04
1604.0	1608.0	0.504	0.575	0.001	0.057	0.016	0.001	0.000	0.000	0.000	0.000	0.002	0.002	0.000	0.000	0.001	0.000	0.001	0.000	0.000	0.001	0.001	0.000	0.005	0.003	0.008	0.001	0.001	Speech 0.58; Music 0.50; Plucked string instrument 0.07; Musical instrument 0.06; Guitar 0.06
1608.0	1612.0	0.555	0.047	0.001	0.016	0.004	0.000	0.000	0.000	0.000	0.000	0.001	0.000	0.000	0.000	0.000	0.000	0.000	0.000	0.000	0.001	0.006	0.003	0.013	0.000	0.001	0.001	0.000	Music 0.56; Speech 0.05; Coin (dropping) 0.04; Single-lens reflex camera 0.02; Typewriter 0.02
1612.0	1616.0	0.646	0.036	0.003	0.078	0.003	0.000	0.000	0.000	0.000	0.000	0.001	0.000	0.000	0.000	0.000	0.000	0.001	0.000	0.000	0.000	0.001	0.000	0.007	0.000	0.001	0.002	0.000	Music 0.65; Musical instrument 0.08; Plucked string instrument 0.07; Salsa music 0.06; Guitar 0.05
1616.0	1620.0	0.474	0.554	0.001	0.019	0.050	0.002	0.001	0.000	0.001	0.000	0.012	0.005	0.000	0.001	0.002	0.001	0.002	0.001	0.001	0.001	0.001	0.000	0.003	0.004	0.022	0.003	0.000	Speech 0.55; Music 0.47; Vehicle 0.05; Outside, urban or manmade 0.02; Musical instrument 0.02
1620.0	1624.0	0.056	0.645	0.000	0.002	0.160	0.001	0.000	0.000	0.001	0.000	0.056	0.029	0.003	0.001	0.006	0.001	0.011	0.000	0.000	0.000	0.002	0.001	0.007	0.015	0.047	0.010	0.000	Speech 0.64; Vehicle 0.16; Car 0.06; Music 0.06; Outside, urban or manmade 0.05
1624.0	1628.0	0.014	0.771	0.000	0.000	0.074	0.001	0.000	0.000	0.000	0.000	0.028	0.010	0.003	0.001	0.002	0.000	0.003	0.001	0.000	0.000	0.008	0.005	0.009	0.010	0.043	0.007	0.000	Speech 0.77; Vehicle 0.07; Outside, urban or manmade 0.04; Bicycle 0.04; Car 0.03
1628.0	1632.0	0.018	0.704	0.000	0.000	0.064	0.001	0.001	0.000	0.001	0.000	0.052	0.007	0.002	0.002	0.001	0.000	0.004	0.000	0.001	0.001	0.002	0.001	0.006	0.006	0.015	0.003	0.000	Speech 0.70; Vehicle 0.06; Car 0.05; Slap, smack 0.03; Door 0.03
1632.0	1636.0	0.024	0.744	0.000	0.001	0.076	0.003	0.001	0.000	0.001	0.001	0.029	0.015	0.002	0.003	0.003	0.001	0.002	0.002	0.002	0.001	0.001	0.000	0.004	0.008	0.021	0.031	0.000	Speech 0.74; Vehicle 0.08; Male speech, man speaking 0.04; Animal 0.04; Bird 0.03
1636.0	1640.0	0.017	0.810	0.000	0.001	0.224	0.010	0.004	0.002	0.001	0.001	0.091	0.051	0.025	0.001	0.001	0.000	0.001	0.001	0.001	0.001	0.001	0.000	0.004	0.007	0.033	0.005	0.000	Speech 0.81; Vehicle 0.22; Car 0.09; Car passing by 0.06; Bus 0.05
1640.0	1644.0	0.436	0.501	0.001	0.019	0.121	0.003	0.002	0.001	0.001	0.001	0.047	0.013	0.009	0.005	0.000	0.000	0.001	0.003	0.003	0.000	0.001	0.000	0.005	0.001	0.013	0.001	0.000	Speech 0.50; Music 0.44; Vehicle 0.12; Car 0.05; Sliding door 0.03
1644.0	1648.0	0.500	0.052	0.003	0.053	0.018	0.003	0.001	0.000	0.000	0.000	0.004	0.002	0.000	0.002	0.000	0.000	0.001	0.001	0.001	0.000	0.001	0.000	0.006	0.001	0.004	0.003	0.000	Music 0.50; Musical instrument 0.05; Speech 0.05; Plucked string instrument 0.05; Guitar 0.04
1648.0	1652.0	0.419	0.507	0.002	0.065	0.013	0.001	0.001	0.000	0.000	0.000	0.003	0.001	0.000	0.000	0.001	0.000	0.001	0.000	0.000	0.001	0.002	0.001	0.014	0.001	0.007	0.002	0.000	Speech 0.51; Music 0.42; Musical instrument 0.07; Guitar 0.06; Plucked string instrument 0.06
1652.0	1656.0	0.174	0.637	0.001	0.003	0.114	0.003	0.001	0.000	0.000	0.000	0.047	0.008	0.002	0.000	0.001	0.000	0.001	0.000	0.000	0.001	0.001	0.001	0.008	0.003	0.007	0.003	0.000	Speech 0.64; Music 0.17; Vehicle 0.11; Car 0.05; Television 0.04
1656.0	1660.0	0.253	0.538	0.001	0.001	0.007	0.000	0.000	0.000	0.000	0.000	0.001	0.001	0.000	0.000	0.002	0.001	0.000	0.000	0.000	0.001	0.022	0.020	0.011	0.004	0.005	0.001	0.002	Speech 0.54; Music 0.25; Coin (dropping) 0.07; Cash register 0.06; Chink, clink 0.06
1660.0	1664.0	0.595	0.837	0.001	0.002	0.008	0.000	0.000	0.000	0.000	0.000	0.002	0.001	0.000	0.000	0.003	0.002	0.002	0.000	0.000	0.003	0.001	0.000	0.008	0.010	0.004	0.004	0.000	Speech 0.84; Music 0.60; Television 0.09; Animal 0.04; Slap, smack 0.04
1664.0	1668.0	0.152	0.620	0.000	0.002	0.011	0.000	0.000	0.000	0.000	0.000	0.003	0.001	0.000	0.000	0.002	0.001	0.002	0.000	0.000	0.001	0.018	0.007	0.014	0.003	0.004	0.003	0.001	Speech 0.62; Music 0.15; Ping 0.07; Ding 0.03; Door 0.02
1668.0	1672.0	0.167	0.892	0.000	0.001	0.014	0.000	0.000	0.000	0.000	0.000	0.003	0.002	0.000	0.000	0.001	0.002	0.003	0.000	0.000	0.001	0.004	0.001	0.007	0.008	0.003	0.003	0.000	Speech 0.89; Music 0.17; Slap, smack 0.08; Television 0.02; Shuffle 0.02
1672.0	1676.0	0.540	0.711	0.001	0.098	0.078	0.001	0.000	0.000	0.000	0.000	0.020	0.012	0.001	0.000	0.000	0.000	0.000	0.000	0.000	0.001	0.000	0.000	0.006	0.002	0.009	0.001	0.000	Speech 0.71; Music 0.54; Musical instrument 0.10; Plucked string instrument 0.08; Vehicle 0.08
1676.0	1680.0	0.561	0.038	0.001	0.017	0.002	0.000	0.000	0.000	0.000	0.000	0.000	0.000	0.000	0.000	0.000	0.000	0.000	0.000	0.000	0.000	0.002	0.001	0.013	0.000	0.001	0.002	0.000	Music 0.56; Typewriter 0.05; Speech 0.04; Single-lens reflex camera 0.03; Coin (dropping) 0.03
1680.0	1684.0	0.659	0.026	0.003	0.101	0.003	0.000	0.000	0.000	0.000	0.000	0.001	0.000	0.000	0.000	0.000	0.000	0.000	0.000	0.000	0.000	0.001	0.000	0.007	0.000	0.002	0.001	0.001	Music 0.66; Plucked string instrument 0.11; Musical instrument 0.10; Guitar 0.09; Flamenco 0.04
1684.0	1688.0	0.633	0.071	0.002	0.029	0.004	0.000	0.000	0.000	0.000	0.000	0.001	0.000	0.000	0.000	0.000	0.000	0.002	0.000	0.000	0.000	0.002	0.000	0.008	0.000	0.001	0.006	0.001	Music 0.63; Speech 0.07; Animal 0.03; Musical instrument 0.03; Domestic animals, pets 0.02
1688.0	1692.0	0.564	0.037	0.004	0.051	0.005	0.001	0.000	0.000	0.000	0.000	0.001	0.000	0.000	0.000	0.000	0.000	0.001	0.000	0.000	0.000	0.002	0.001	0.010	0.000	0.001	0.003	0.000	Music 0.56; Musical instrument 0.05; Plucked string instrument 0.04; Speech 0.04; Guitar 0.04
1692.0	1696.0	0.602	0.035	0.003	0.077	0.005	0.001	0.000	0.000	0.000	0.000	0.001	0.000	0.000	0.000	0.000	0.000	0.001	0.000	0.000	0.000	0.002	0.001	0.008	0.000	0.002	0.004	0.000	Music 0.60; Musical instrument 0.08; Plucked string instrument 0.07; Guitar 0.06; Flamenco 0.05
1696.0	1700.0	0.623	0.727	0.002	0.007	0.021	0.001	0.000	0.000	0.002	0.001	0.003	0.001	0.000	0.010	0.000	0.000	0.000	0.074	0.070	0.000	0.000	0.000	0.005	0.000	0.005	0.000	0.000	Speech 0.73; Music 0.62; Slosh 0.14; Water 0.08; Waves, surf 0.07
1700.0	1704.0	0.113	0.599	0.000	0.002	0.096	0.006	0.003	0.001	0.002	0.001	0.026	0.011	0.002	0.001	0.004	0.001	0.003	0.001	0.001	0.001	0.002	0.001	0.005	0.010	0.026	0.003	0.000	Speech 0.60; Music 0.11; Vehicle 0.10; Hiss 0.06; Spray 0.05
1704.0	1708.0	0.071	0.653	0.001	0.003	0.220	0.001	0.000	0.000	0.002	0.001	0.121	0.014	0.004	0.001	0.003	0.001	0.002	0.001	0.001	0.002	0.002	0.001	0.006	0.007	0.033	0.004	0.001	Speech 0.65; Vehicle 0.22; Car 0.12; Car passing by 0.07; Music 0.07
1708.0	1712.0	0.062	0.531	0.001	0.002	0.240	0.002	0.001	0.000	0.000	0.000	0.088	0.054	0.027	0.001	0.002	0.001	0.002	0.001	0.001	0.001	0.002	0.001	0.009	0.008	0.079	0.002	0.000	Speech 0.53; Vehicle 0.24; Car 0.09; Outside, urban or manmade 0.08; Music 0.06
1712.0	1716.0	0.019	0.641	0.000	0.001	0.061	0.001	0.001	0.000	0.001	0.001	0.025	0.002	0.001	0.002	0.003	0.002	0.002	0.003	0.002	0.001	0.000	0.000	0.006	0.005	0.020	0.002	0.000	Speech 0.64; Vehicle 0.06; Car 0.03; Car passing by 0.02; Zipper (clothing) 0.02
1716.0	1720.0	0.049	0.638	0.000	0.001	0.097	0.001	0.001	0.000	0.001	0.000	0.036	0.007	0.002	0.005	0.006	0.001	0.004	0.002	0.002	0.001	0.001	0.001	0.007	0.011	0.046	0.005	0.000	Speech 0.64; Vehicle 0.10; Music 0.05; Outside, urban or manmade 0.05; Car 0.04
1720.0	1724.0	0.039	0.734	0.000	0.001	0.046	0.004	0.001	0.001	0.000	0.000	0.014	0.011	0.003	0.001	0.003	0.000	0.001	0.001	0.000	0.001	0.001	0.000	0.004	0.013	0.012	0.003	0.001	Speech 0.73; Vehicle 0.05; Music 0.04; Slap, smack 0.02; Ping 0.02
1724.0	1728.0	0.463	0.503	0.003	0.025	0.031	0.002	0.001	0.000	0.001	0.000	0.009	0.002	0.000	0.002	0.001	0.000	0.001	0.001	0.002	0.002	0.001	0.001	0.007	0.004	0.008	0.003	0.000	Speech 0.50; Music 0.46; Vehicle 0.03; Water 0.03; Musical instrument 0.02
1728.0	1732.0	0.482	0.144	0.003	0.041	0.129	0.005	0.002	0.001	0.001	0.001	0.037	0.018	0.003	0.003	0.001	0.000	0.001	0.003	0.003	0.003	0.000	0.000	0.006	0.001	0.028	0.001	0.000	Music 0.48; Speech 0.14; Vehicle 0.13; Musical instrument 0.04; Car 0.04
1732.0	1736.0	0.588	0.698	0.003	0.004	0.056	0.001	0.000	0.000	0.002	0.001	0.006	0.002	0.000	0.002	0.005	0.000	0.001	0.001	0.002	0.000	0.001	0.000	0.003	0.005	0.015	0.000	0.000	Speech 0.70; Music 0.59; Spray 0.07; Vehicle 0.06; Single-lens reflex camera 0.05
1736.0	1740.0	0.115	0.576	0.007	0.003	0.019	0.000	0.000	0.000	0.000	0.000	0.002	0.001	0.000	0.000	0.010	0.003	0.002	0.000	0.000	0.001	0.001	0.000	0.023	0.016	0.016	0.001	0.000	Speech 0.58; Music 0.11; Crackle 0.05; Single-lens reflex camera 0.03; Inside, small room 0.02
1740.0	1744.0	0.219	0.558	0.010	0.004	0.006	0.000	0.000	0.000	0.000	0.000	0.001	0.000	0.000	0.000	0.013	0.004	0.001	0.000	0.000	0.000	0.001	0.001	0.009	0.018	0.012	0.003	0.000	Speech 0.56; Music 0.22; Single-lens reflex camera 0.03; Coin (dropping) 0.03; Male speech, man speaking 0.03
1744.0	1748.0	0.405	0.590	0.042	0.005	0.017	0.000	0.000	0.000	0.000	0.000	0.006	0.001	0.000	0.000	0.008	0.002	0.002	0.000	0.000	0.000	0.001	0.001	0.004	0.017	0.016	0.002	0.000	Speech 0.59; Music 0.40; Male singing 0.13; Singing 0.04; Animal 0.03
1748.0	1752.0	0.141	0.644	0.000	0.002	0.007	0.000	0.000	0.000	0.000	0.000	0.001	0.000	0.000	0.000	0.002	0.001	0.001	0.000	0.000	0.001	0.043	0.039	0.003	0.006	0.011	0.001	0.000	Speech 0.64; Chink, clink 0.30; Music 0.14; Dishes, pots, and pans 0.04; Cutlery, silverware 0.04
1752.0	1756.0	0.413	0.459	0.025	0.010	0.014	0.002	0.001	0.000	0.000	0.000	0.002	0.002	0.001	0.000	0.007	0.004	0.001	0.000	0.000	0.001	0.000	0.000	0.003	0.006	0.021	0.004	0.011	Speech 0.46; Music 0.41; Bicycle bell 0.05; Ding 0.05; Male singing 0.03
1756.0	1760.0	0.418	0.391	0.076	0.027	0.009	0.000	0.000	0.000	0.000	0.000	0.002	0.001	0.000	0.000	0.022	0.003	0.001	0.000	0.000	0.003	0.000	0.000	0.003	0.013	0.017	0.028	0.000	Music 0.42; Speech 0.39; Fowl 0.09; Singing 0.08; Male singing 0.07
1760.0	1764.0	0.396	0.867	0.018	0.014	0.032	0.000	0.000	0.000	0.000	0.000	0.009	0.004	0.000	0.001	0.011	0.005	0.002	0.000	0.000	0.001	0.000	0.000	0.002	0.030	0.022	0.002	0.000	Speech 0.87; Music 0.40; Male singing 0.08; Vehicle 0.03; Male speech, man speaking 0.03
1764.0	1768.0	0.461	0.369	0.020	0.060	0.050	0.002	0.001	0.001	0.001	0.000	0.012	0.011	0.001	0.001	0.013	0.004	0.001	0.000	0.000	0.001	0.000	0.000	0.003	0.017	0.029	0.001	0.000	Music 0.46; Speech 0.37; Musical instrument 0.06; Vehicle 0.05; Flamenco 0.04
1768.0	1772.0	0.452	0.473	0.015	0.039	0.105	0.001	0.000	0.000	0.001	0.000	0.034	0.002	0.000	0.001	0.002	0.000	0.003	0.000	0.001	0.000	0.000	0.000	0.004	0.003	0.023	0.003	0.000	Speech 0.47; Music 0.45; Vehicle 0.11; Flamenco 0.04; Musical instrument 0.04
1772.0	1776.0	0.488	0.475	0.050	0.014	0.018	0.000	0.000	0.000	0.000	0.000	0.003	0.001	0.000	0.000	0.012	0.001	0.003	0.000	0.000	0.001	0.000	0.000	0.003	0.007	0.020	0.007	0.000	Music 0.49; Speech 0.47; Singing 0.05; Animal 0.04; Male singing 0.03
1776.0	1780.0	0.482	0.345	0.030	0.013	0.077	0.002	0.001	0.001	0.000	0.000	0.021	0.004	0.001	0.002	0.007	0.001	0.001	0.001	0.001	0.000	0.001	0.000	0.004	0.008	0.034	0.004	0.000	Music 0.48; Speech 0.35; Vehicle 0.08; Outside, urban or manmade 0.03; Singing 0.03
1780.0	1784.0	0.469	0.518	0.017	0.030	0.025	0.000	0.000	0.000	0.000	0.000	0.010	0.001	0.000	0.001	0.007	0.002	0.001	0.000	0.000	0.002	0.001	0.001	0.006	0.011	0.024	0.002	0.000	Speech 0.52; Music 0.47; Musical instrument 0.03; Vehicle 0.02; Outside, urban or manmade 0.02
1784.0	1788.0	0.037	0.610	0.000	0.001	0.003	0.000	0.000	0.000	0.000	0.000	0.001	0.000	0.000	0.000	0.001	0.000	0.002	0.000	0.000	0.001	0.004	0.009	0.006	0.002	0.015	0.001	0.002	Speech 0.61; Cash register 0.10; Music 0.04; Ping 0.03; Outside, urban or manmade 0.02
1788.0	1792.0	0.093	0.591	0.001	0.001	0.004	0.000	0.000	0.000	0.000	0.000	0.001	0.000	0.000	0.000	0.011	0.002	0.022	0.000	0.000	0.001	0.000	0.000	0.006	0.009	0.041	0.002	0.000	Speech 0.59; Music 0.09; Run 0.05; Chop 0.04; Outside, urban or manmade 0.04
1792.0	1796.0	0.042	0.522	0.000	0.001	0.008	0.000	0.000	0.000	0.000	0.000	0.001	0.000	0.000	0.000	0.005	0.003	0.008	0.000	0.000	0.005	0.002	0.001	0.008	0.011	0.021	0.007	0.000	Speech 0.52; Music 0.04; Chop 0.03; Slap, smack 0.03; Fowl 0.03
1796.0	1800.0	0.015	0.707	0.001	0.001	0.007	0.000	0.000	0.000	0.000	0.000	0.003	0.000	0.000	0.000	0.012	0.000	0.024	0.000	0.000	0.001	0.000	0.000	0.004	0.004	0.037	0.003	0.000	Speech 0.71; Clapping 0.07; Run 0.07; Outside, urban or manmade 0.04; Male speech, man speaking 0.03
1800.0	1804.0	0.163	0.723	0.000	0.001	0.006	0.000	0.000	0.000	0.000	0.000	0.001	0.000	0.000	0.000	0.001	0.000	0.032	0.000	0.000	0.000	0.001	0.001	0.013	0.003	0.008	0.008	0.000	Speech 0.72; Music 0.16; Animal 0.04; Walk, footsteps 0.03; Shuffle 0.02
1804.0	1808.0	0.774	0.838	0.001	0.011	0.011	0.000	0.000	0.000	0.000	0.000	0.001	0.001	0.000	0.001	0.003	0.002	0.010	0.000	0.000	0.001	0.000	0.000	0.001	0.007	0.054	0.004	0.001	Speech 0.84; Music 0.77; Run 0.09; Outside, urban or manmade 0.05; Animal 0.05
1808.0	1812.0	0.696	0.011	0.001	0.034	0.001	0.000	0.000	0.000	0.000	0.000	0.001	0.000	0.000	0.000	0.000	0.000	0.000	0.000	0.000	0.000	0.000	0.000	0.001	0.000	0.001	0.000	0.001	Music 0.70; Background music 0.04; Musical instrument 0.03; Swing music 0.03; Ringtone 0.02
1812.0	1816.0	0.836	0.013	0.001	0.031	0.005	0.000	0.000	0.000	0.000	0.000	0.002	0.001	0.000	0.000	0.000	0.000	0.000	0.000	0.000	0.000	0.000	0.000	0.002	0.000	0.004	0.000	0.000	Music 0.84; Funny music 0.06; Swing music 0.05; Background music 0.05; Video game music 0.04
1816.0	1820.0	0.798	0.024	0.001	0.022	0.004	0.000	0.000	0.000	0.000	0.000	0.001	0.000	0.000	0.000	0.000	0.000	0.000	0.000	0.000	0.000	0.000	0.000	0.001	0.000	0.002	0.001	0.000	Music 0.80; Video game music 0.05; Soundtrack music 0.04; Funny music 0.04; Television 0.04
1820.0	1824.0	0.495	0.059	0.005	0.026	0.019	0.001	0.000	0.000	0.000	0.000	0.006	0.001	0.000	0.002	0.001	0.000	0.001	0.001	0.001	0.000	0.000	0.000	0.005	0.001	0.005	0.004	0.000	Music 0.49; Salsa music 0.49; Music of Latin America 0.22; Speech 0.06; Musical instrument 0.03
1824.0	1828.0	0.578	0.524	0.002	0.011	0.006	0.000	0.000	0.000	0.000	0.000	0.002	0.000	0.000	0.000	0.005	0.001	0.002	0.000	0.000	0.001	0.000	0.000	0.003	0.006	0.009	0.003	0.000	Music 0.58; Speech 0.52; Salsa music 0.10; Music of Latin America 0.05; Animal 0.01
1828.0	1832.0	0.067	0.627	0.000	0.001	0.004	0.000	0.000	0.000	0.000	0.000	0.001	0.000	0.000	0.000	0.007	0.007	0.012	0.000	0.000	0.003	0.002	0.001	0.010	0.015	0.016	0.004	0.000	Speech 0.63; Music 0.07; Slap, smack 0.03; Animal 0.02; Chop 0.02
1832.0	1836.0	0.205	0.673	0.002	0.005	0.005	0.000	0.000	0.000	0.000	0.000	0.001	0.000	0.000	0.000	0.005	0.006	0.007	0.000	0.000	0.002	0.002	0.001	0.008	0.019	0.013	0.003	0.000	Speech 0.67; Music 0.21; Slap, smack 0.04; Tap 0.03; Inside, public space 0.02
1836.0	1840.0	0.290	0.621	0.003	0.004	0.019	0.001	0.000	0.000	0.000	0.000	0.005	0.001	0.000	0.000	0.011	0.007	0.005	0.000	0.000	0.003	0.001	0.000	0.008	0.023	0.012	0.003	0.000	Speech 0.62; Music 0.29; Television 0.05; Slam 0.03; Animal 0.02
1840.0	1844.0	0.597	0.490	0.003	0.012	0.003	0.000	0.000	0.000	0.000	0.000	0.001	0.000	0.000	0.000	0.004	0.002	0.000	0.000	0.000	0.001	0.000	0.000	0.004	0.009	0.005	0.001	0.000	Music 0.60; Speech 0.49; Salsa music 0.12; Music of Latin America 0.08; Music of Africa 0.02
1844.0	1848.0	0.485	0.050	0.007	0.032	0.005	0.001	0.000	0.001	0.000	0.000	0.001	0.000	0.000	0.000	0.001	0.000	0.000	0.000	0.000	0.000	0.000	0.000	0.005	0.001	0.003	0.002	0.000	Music 0.48; Salsa music 0.36; Music of Latin America 0.12; Speech 0.05; Musical instrument 0.03
1848.0	1852.0	0.627	0.021	0.007	0.036	0.004	0.000	0.000	0.000	0.000	0.000	0.002	0.000	0.000	0.000	0.000	0.000	0.000	0.000	0.000	0.000	0.000	0.000	0.002	0.000	0.001	0.001	0.000	Music 0.63; Salsa music 0.13; Music of Latin America 0.08; Musical instrument 0.04; Speech 0.02
1852.0	1856.0	0.759	0.026	0.002	0.011	0.002	0.000	0.000	0.000	0.000	0.000	0.001	0.000	0.000	0.000	0.000	0.000	0.000	0.000	0.000	0.000	0.000	0.000	0.002	0.000	0.001	0.002	0.000	Music 0.76; Salsa music 0.19; Music of Latin America 0.07; Domestic animals, pets 0.03; Animal 0.03
1856.0	1860.0	0.687	0.046	0.002	0.011	0.004	0.000	0.000	0.000	0.000	0.000	0.001	0.000	0.000	0.000	0.000	0.000	0.001	0.000	0.000	0.000	0.001	0.000	0.005	0.001	0.001	0.002	0.000	Music 0.69; Salsa music 0.08; Speech 0.05; Music of Latin America 0.02; Soundtrack music 0.02
1860.0	1864.0	0.833	0.020	0.002	0.013	0.002	0.000	0.000	0.000	0.000	0.000	0.001	0.000	0.000	0.000	0.000	0.000	0.000	0.000	0.000	0.000	0.000	0.000	0.002	0.001	0.001	0.001	0.000	Music 0.83; Salsa music 0.16; Music of Latin America 0.06; Soundtrack music 0.02; Video game music 0.02
1864.0	1868.0	0.826	0.020	0.004	0.013	0.002	0.000	0.000	0.000	0.000	0.000	0.001	0.000	0.000	0.000	0.000	0.000	0.000	0.000	0.000	0.000	0.000	0.000	0.002	0.000	0.001	0.001	0.000	Music 0.83; Salsa music 0.25; Music of Latin America 0.09; Ringtone 0.03; Speech 0.02
1868.0	1872.0	0.639	0.059	0.004	0.010	0.031	0.004	0.002	0.001	0.000	0.000	0.010	0.003	0.000	0.001	0.001	0.000	0.001	0.001	0.000	0.000	0.000	0.000	0.004	0.001	0.007	0.003	0.000	Music 0.64; Salsa music 0.12; Speech 0.06; Music of Latin America 0.05; Vehicle 0.03
1872.0	1876.0	0.476	0.521	0.003	0.011	0.010	0.002	0.001	0.002	0.000	0.000	0.002	0.001	0.000	0.000	0.005	0.001	0.001	0.000	0.000	0.001	0.001	0.000	0.008	0.019	0.012	0.003	0.000	Speech 0.52; Music 0.48; Salsa music 0.11; Music of Latin America 0.05; Inside, public space 0.02
1876.0	1880.0	0.077	0.647	0.001	0.003	0.010	0.001	0.000	0.000	0.000	0.000	0.003	0.001	0.000	0.000	0.009	0.002	0.003	0.000	0.000	0.003	0.001	0.001	0.008	0.025	0.012	0.007	0.001	Speech 0.65; Male speech, man speaking 0.08; Music 0.08; Television 0.03; Animal 0.03
1880.0	1884.0	0.117	0.732	0.003	0.003	0.006	0.000	0.000	0.000	0.000	0.000	0.002	0.001	0.000	0.000	0.008	0.003	0.003	0.000	0.000	0.002	0.001	0.001	0.007	0.032	0.009	0.007	0.001	Speech 0.73; Music 0.12; Male speech, man speaking 0.07; Inside, public space 0.03; Television 0.03
1884.0	1888.0	0.152	0.606	0.003	0.005	0.007	0.000	0.000	0.000	0.000	0.000	0.002	0.001	0.000	0.000	0.014	0.005	0.004	0.000	0.000	0.003	0.001	0.001	0.010	0.028	0.009	0.005	0.000	Speech 0.61; Music 0.15; Male speech, man speaking 0.04; Inside, public space 0.03; Slam 0.02
1888.0	1892.0	0.028	0.756	0.000	0.001	0.003	0.000	0.000	0.000	0.000	0.000	0.001	0.000	0.000	0.000	0.008	0.002	0.002	0.000	0.000	0.002	0.004	0.002	0.008	0.021	0.005	0.005	0.000	Speech 0.76; Male speech, man speaking 0.05; Gasp 0.03; Music 0.03; Inside, public space 0.02
1892.0	1896.0	0.029	0.768	0.001	0.002	0.019	0.004	0.002	0.001	0.000	0.000	0.004	0.002	0.000	0.000	0.006	0.001	0.003	0.000	0.000	0.003	0.001	0.001	0.010	0.016	0.010	0.006	0.001	Speech 0.77; Male speech, man speaking 0.05; Music 0.03; Television 0.03; Vehicle 0.02
1896.0	1900.0	0.021	0.786	0.001	0.002	0.007	0.001	0.000	0.000	0.000	0.000	0.002	0.001	0.000	0.000	0.003	0.001	0.003	0.000	0.000	0.002	0.001	0.000	0.009	0.022	0.004	0.004	0.001	Speech 0.79; Male speech, man speaking 0.10; Slap, smack 0.02; Inside, public space 0.02; Slam 0.02
1900.0	1904.0	0.873	0.013	0.002	0.017	0.001	0.000	0.000	0.000	0.000	0.000	0.000	0.000	0.000	0.000	0.001	0.000	0.000	0.000	0.000	0.000	0.000	0.000	0.002	0.001	0.001	0.001	0.000	Music 0.87; Salsa music 0.54; Music of Latin America 0.19; Swing music 0.02; Musical instrument 0.02
1904.0	1908.0	0.778	0.016	0.004	0.013	0.004	0.000	0.000	0.000	0.000	0.000	0.002	0.000	0.000	0.000	0.000	0.000	0.000	0.000	0.000	0.000	0.000	0.000	0.002	0.000	0.001	0.001	0.000	Music 0.78; Salsa music 0.07; Music of Latin America 0.05; Swing music 0.03; Ringtone 0.02
1908.0	1912.0	0.747	0.024	0.002	0.015	0.003	0.000	0.000	0.000	0.000	0.000	0.001	0.000	0.000	0.000	0.000	0.000	0.000	0.000	0.000	0.000	0.000	0.000	0.003	0.000	0.001	0.002	0.000	Music 0.75; Salsa music 0.26; Music of Latin America 0.09; Speech 0.02; Swing music 0.02
1912.0	1916.0	0.671	0.473	0.002	0.010	0.005	0.000	0.000	0.000	0.000	0.000	0.002	0.000	0.000	0.000	0.000	0.000	0.001	0.000	0.000	0.000	0.001	0.000	0.010	0.001	0.002	0.004	0.000	Music 0.67; Speech 0.47; Salsa music 0.19; Music of Latin America 0.09; Animal 0.02
1916.0	1920.0	0.085	0.769	0.001	0.001	0.014	0.001	0.000	0.000	0.000	0.000	0.003	0.001	0.000	0.000	0.004	0.001	0.009	0.000	0.000	0.002	0.001	0.001	0.012	0.014	0.013	0.007	0.000	Speech 0.77; Music 0.08; Gasp 0.03; Male speech, man speaking 0.03; Animal 0.02
1920.0	1924.0	0.020	0.697	0.000	0.001	0.016	0.001	0.000	0.000	0.000	0.000	0.004	0.001	0.000	0.002	0.018	0.004	0.013	0.000	0.001	0.002	0.001	0.000	0.004	0.024	0.047	0.004	0.000	Speech 0.70; Run 0.06; Outside, urban or manmade 0.05; Animal 0.04; Clip-clop 0.04
1924.0	1928.0	0.008	0.785	0.000	0.001	0.141	0.002	0.001	0.000	0.000	0.000	0.063	0.013	0.004	0.001	0.001	0.000	0.002	0.000	0.001	0.000	0.002	0.001	0.005	0.003	0.020	0.017	0.000	Speech 0.78; Vehicle 0.14; Car 0.06; Sliding door 0.03; Car passing by 0.03
1928.0	1932.0	0.011	0.750	0.000	0.000	0.135	0.000	0.000	0.000	0.000	0.000	0.092	0.005	0.002	0.001	0.001	0.000	0.006	0.000	0.000	0.000	0.000	0.000	0.004	0.004	0.040	0.004	0.000	Speech 0.75; Vehicle 0.14; Car 0.09; Outside, urban or manmade 0.04; Car passing by 0.03
1932.0	1936.0	0.003	0.829	0.000	0.000	0.010	0.001	0.000	0.000	0.000	0.000	0.004	0.001	0.000	0.002	0.005	0.001	0.056	0.000	0.000	0.001	0.000	0.000	0.009	0.016	0.072	0.005	0.000	Speech 0.83; Outside, urban or manmade 0.07; Walk, footsteps 0.06; Run 0.05; Male speech, man speaking 0.03
1936.0	1940.0	0.139	0.623	0.001	0.001	0.043	0.002	0.001	0.000	0.000	0.000	0.009	0.003	0.000	0.002	0.005	0.001	0.011	0.001	0.001	0.001	0.001	0.000	0.005	0.014	0.042	0.003	0.000	Speech 0.62; Music 0.14; Vehicle 0.04; Outside, urban or manmade 0.04; Animal 0.04
1940.0	1944.0	0.050	0.614	0.001	0.000	0.018	0.001	0.000	0.000	0.000	0.000	0.005	0.003	0.000	0.000	0.001	0.001	0.004	0.000	0.000	0.001	0.002	0.000	0.010	0.009	0.029	0.003	0.000	Speech 0.61; Children playing 0.06; Child speech, kid speaking 0.06; Music 0.05; Animal 0.05
1944.0	1948.0	0.411	0.535	0.005	0.013	0.005	0.000	0.000	0.000	0.000	0.000	0.002	0.000	0.000	0.000	0.004	0.001	0.001	0.000	0.000	0.003	0.001	0.001	0.014	0.007	0.005	0.007	0.000	Speech 0.54; Music 0.41; Television 0.06; Animal 0.04; Male speech, man speaking 0.02
1948.0	1952.0	0.456	0.460	0.023	0.005	0.002	0.000	0.000	0.000	0.000	0.000	0.000	0.000	0.000	0.000	0.004	0.000	0.000	0.000	0.000	0.001	0.028	0.036	0.015	0.002	0.003	0.003	0.001	Speech 0.46; Music 0.46; Ding 0.10; Cutlery, silverware 0.04; Chink, clink 0.04
1952.0	1956.0	0.431	0.580	0.008	0.014	0.006	0.000	0.000	0.000	0.000	0.000	0.002	0.000	0.000	0.000	0.005	0.001	0.002	0.000	0.000	0.002	0.005	0.002	0.014	0.009	0.003	0.004	0.000	Speech 0.58; Music 0.43; Television 0.04; Animal 0.02; Male speech, man speaking 0.02
1956.0	1960.0	0.782	0.795	0.002	0.002	0.001	0.000	0.000	0.000	0.000	0.000	0.000	0.000	0.000	0.000	0.003	0.000	0.000	0.000	0.000	0.002	0.006	0.003	0.004	0.003	0.001	0.001	0.000	Speech 0.79; Music 0.78; Salsa music 0.05; Maraca 0.03; Music of Latin America 0.02
1960.0	1964.0	0.678	0.029	0.002	0.015	0.005	0.000	0.000	0.000	0.000	0.000	0.002	0.000	0.000	0.000	0.000	0.000	0.001	0.000	0.000	0.000	0.001	0.000	0.004	0.001	0.001	0.003	0.000	Music 0.68; Salsa music 0.16; Music of Latin America 0.07; Speech 0.03; Electronic music 0.03
1964.0	1968.0	0.714	0.018	0.002	0.010	0.003	0.000	0.000	0.000	0.000	0.000	0.001	0.000	0.000	0.000	0.000	0.000	0.000	0.000	0.000	0.000	0.000	0.000	0.003	0.000	0.001	0.002	0.001	Music 0.71; Salsa music 0.11; Music of Latin America 0.05; Ringtone 0.05; Funny music 0.03
1968.0	1972.0	0.670	0.021	0.003	0.015	0.003	0.000	0.000	0.000	0.000	0.000	0.001	0.000	0.000	0.000	0.000	0.000	0.000	0.000	0.000	0.000	0.001	0.000	0.005	0.000	0.001	0.002	0.001	Music 0.67; Salsa music 0.13; Ringtone 0.07; Music of Latin America 0.05; Speech 0.02
1972.0	1976.0	0.772	0.025	0.001	0.011	0.003	0.000	0.000	0.000	0.000	0.000	0.001	0.000	0.000	0.000	0.000	0.000	0.000	0.000	0.000	0.000	0.001	0.000	0.003	0.001	0.001	0.002	0.000	Music 0.77; Ringtone 0.07; Video game music 0.03; Speech 0.02; Salsa music 0.02
1976.0	1980.0	0.542	0.700	0.002	0.005	0.012	0.000	0.000	0.000	0.000	0.000	0.005	0.001	0.000	0.000	0.007	0.001	0.002	0.000	0.000	0.003	0.000	0.000	0.002	0.012	0.012	0.002	0.000	Speech 0.70; Music 0.54; Male speech, man speaking 0.02; Sound effect 0.01; Burst, pop 0.01
1980.0	1984.0	0.043	0.638	0.001	0.002	0.016	0.001	0.000	0.000	0.000	0.000	0.004	0.001	0.000	0.000	0.010	0.009	0.002	0.000	0.000	0.002	0.002	0.001	0.006	0.051	0.016	0.003	0.000	Speech 0.64; Male speech, man speaking 0.07; Inside, public space 0.05; Music 0.04; Inside, large room or hall 0.02
1984.0	1988.0	0.031	0.669	0.000	0.001	0.015	0.001	0.000	0.000	0.000	0.000	0.003	0.001	0.000	0.000	0.007	0.008	0.004	0.000	0.000	0.001	0.022	0.007	0.004	0.049	0.015	0.005	0.000	Speech 0.67; Inside, public space 0.05; Male speech, man speaking 0.04; Chink, clink 0.04; Music 0.03
1988.0	1992.0	0.115	0.655	0.002	0.004	0.015	0.001	0.000	0.000	0.000	0.000	0.003	0.001	0.000	0.000	0.012	0.007	0.005	0.000	0.000	0.001	0.002	0.001	0.005	0.064	0.014	0.009	0.001	Speech 0.65; Music 0.11; Inside, public space 0.06; Male speech, man speaking 0.05; Animal 0.03
1992.0	1996.0	0.266	0.559	0.003	0.004	0.011	0.001	0.000	0.000	0.000	0.000	0.002	0.001	0.000	0.000	0.011	0.014	0.001	0.000	0.000	0.003	0.004	0.001	0.010	0.044	0.007	0.002	0.002	Speech 0.56; Music 0.27; Inside, public space 0.04; Cash register 0.04; Door 0.04
1996.0	2000.0	0.478	0.163	0.006	0.038	0.003	0.001	0.000	0.001	0.000	0.000	0.001	0.001	0.000	0.000	0.007	0.001	0.000	0.000	0.000	0.001	0.000	0.000	0.003	0.016	0.004	0.001	0.001	Music 0.48; Salsa music 0.29; Speech 0.16; Music of Latin America 0.07; Musical instrument 0.04
2000.0	2004.0	0.327	0.469	0.001	0.009	0.002	0.000	0.000	0.000	0.000	0.000	0.001	0.000	0.000	0.000	0.004	0.000	0.000	0.000	0.000	0.001	0.001	0.001	0.010	0.006	0.004	0.001	0.001	Speech 0.47; Music 0.33; Bang 0.02; Sound effect 0.02; Electronic music 0.02
2004.0	2008.0	0.063	0.576	0.000	0.001	0.005	0.000	0.000	0.000	0.000	0.000	0.001	0.000	0.000	0.000	0.003	0.002	0.003	0.000	0.000	0.001	0.002	0.002	0.016	0.007	0.008	0.003	0.000	Speech 0.58; Music 0.06; Gasp 0.04; Animal 0.04; Caw 0.03
2008.0	2012.0	0.057	0.598	0.000	0.001	0.004	0.000	0.000	0.000	0.000	0.000	0.001	0.000	0.000	0.000	0.003	0.001	0.002	0.000	0.000	0.001	0.010	0.009	0.027	0.013	0.005	0.002	0.000	Speech 0.60; Music 0.06; Chink, clink 0.04; Inside, small room 0.03; Drip 0.03
2012.0	2016.0	0.064	0.521	0.000	0.002	0.010	0.000	0.000	0.000	0.000	0.000	0.002	0.001	0.000	0.000	0.003	0.001	0.002	0.000	0.000	0.001	0.004	0.003	0.036	0.008	0.009	0.002	0.000	Speech 0.52; Music 0.06; Inside, small room 0.04; Animal 0.02; Biting 0.02
2016.0	2020.0	0.054	0.571	0.000	0.001	0.008	0.000	0.000	0.000	0.000	0.000	0.002	0.000	0.000	0.000	0.001	0.000	0.003	0.000	0.000	0.001	0.001	0.000	0.007	0.004	0.008	0.005	0.000	Speech 0.57; Slap, smack 0.12; Music 0.05; Arrow 0.03; Ping 0.02
2020.0	2024.0	0.020	0.682	0.000	0.001	0.009	0.000	0.000	0.000	0.000	0.000	0.002	0.001	0.000	0.000	0.008	0.002	0.002	0.000	0.000	0.004	0.003	0.002	0.016	0.011	0.018	0.004	0.000	Speech 0.68; Male speech, man speaking 0.05; Liquid 0.03; Oink 0.03; Biting 0.02
2024.0	2028.0	0.062	0.678	0.000	0.002	0.010	0.000	0.000	0.000	0.000	0.000	0.001	0.001	0.000	0.000	0.007	0.003	0.003	0.000	0.000	0.001	0.001	0.001	0.007	0.014	0.023	0.004	0.001	Speech 0.68; Music 0.06; Outside, urban or manmade 0.02; Chink, clink 0.02; Animal 0.02
2028.0	2032.0	0.149	0.626	0.001	0.003	0.014	0.001	0.000	0.000	0.000	0.000	0.003	0.000	0.000	0.000	0.005	0.001	0.002	0.000	0.000	0.001	0.001	0.001	0.014	0.009	0.014	0.004	0.000	Speech 0.63; Music 0.15; Male speech, man speaking 0.03; Narration, monologue 0.02; Inside, small room 0.01
2032.0	2036.0	0.097	0.635	0.000	0.001	0.005	0.000	0.000	0.000	0.000	0.000	0.002	0.000	0.000	0.000	0.002	0.001	0.003	0.000	0.000	0.000	0.000	0.000	0.009	0.005	0.008	0.001	0.000	Speech 0.64; Animal 0.13; Roar 0.11; Music 0.10; Roaring cats (lions, tigers) 0.04
2036.0	2040.0	0.054	0.636	0.000	0.001	0.005	0.001	0.000	0.000	0.000	0.000	0.002	0.001	0.000	0.001	0.005	0.001	0.004	0.000	0.000	0.001	0.001	0.000	0.014	0.008	0.005	0.005	0.000	Speech 0.64; Animal 0.13; Horse 0.09; Neigh, whinny 0.08; Music 0.05
2040.0	2044.0	0.053	0.648	0.001	0.001	0.017	0.000	0.000	0.000	0.000	0.000	0.005	0.002	0.000	0.001	0.003	0.002	0.006	0.000	0.000	0.002	0.001	0.000	0.011	0.015	0.015	0.004	0.000	Speech 0.65; Music 0.05; Female speech, woman speaking 0.03; Animal 0.03; Conversation 0.02
2044.0	2048.0	0.018	0.714	0.000	0.001	0.007	0.001	0.000	0.000	0.000	0.000	0.002	0.001	0.000	0.000	0.003	0.003	0.001	0.000	0.000	0.003	0.000	0.000	0.008	0.010	0.009	0.008	0.000	Speech 0.71; Oink 0.07; Animal 0.05; Male speech, man speaking 0.02; Frog 0.02
